path,name,tmod,size
/run/media/rob/temp_data/Schleiproben/200814_ Schlei_S25/200814_Schlei_S25_MP_50_1,200814_Schlei_S25_MP_50_1.pkl,1611911488.81533,23924306
/run/media/rob/temp_data/Schleiproben/200814_ Schlei_S25/200814_Schlei_S25_MP_50_1,200814_Schlei_S25_MP_50_1_vor upload.pkl,1606315269.482199,23923467
/run/media/rob/temp_data/Schleiproben/200814_ Schlei_S25/200814_Schlei_S25_MP_50_2,200814_Schlei_S25_MP_50_2.pkl,1611916977.721731,43369031
/run/media/rob/temp_data/Schleiproben/200814_ Schlei_S25/200814_Schlei_S25_MP_50_2,200814_Schlei_S25_MP_50_2_vor upload.pkl,1606824437.088588,43368244
/run/media/rob/temp_data/Schleiproben/200814_ Schlei_S25/200814_Schlei_S25_MP_50_3,200814_Schlei_S25_MP_50_3.pkl,1611917428.199835,41396699
/run/media/rob/temp_data/Schleiproben/200814_ Schlei_S25/200814_Schlei_S25_MP_50_3,200814_Schlei_S25_MP_50_3_vor upload.pkl,1606738225.223735,41417915
/run/media/rob/temp_data/Schleiproben/200814_ Schlei_S25/200814_Schlei_S25_MP_50_4,200814_Schlei_S25_MP_50_4.pkl,1611920826.204613,44920034
/run/media/rob/temp_data/Schleiproben/200814_ Schlei_S25/200814_Schlei_S25_MP_50_4,200814_Schlei_S25_MP_50_4_vor upload.pkl,1606831541.380053,44984910
/run/media/rob/temp_data/Schleiproben/200814_ Schlei_S25/200814_Schlei_S25_MP_50_6,200814_Schlei_S25_MP_50_6.pkl,1611922282.548032,31470107
/run/media/rob/temp_data/Schleiproben/200814_ Schlei_S25/200814_Schlei_S25_MP_50_6,200814_Schlei_S25_MP_50_6_vor upload.pkl,1606741770.294768,31482925
/run/media/rob/temp_data/Schleiproben/200814_ Schlei_S25/200814_Schlei_S25_MP_50_7,200814_Schlei_S25_MP_50_7.pkl,1611922647.60955,19542895
/run/media/rob/temp_data/Schleiproben/200814_ Schlei_S25/200814_Schlei_S25_MP_50_7,200814_Schlei_S25_MP_50_7_vor upload.pkl,1606298532.323613,19546696
/run/media/rob/temp_data/Schleiproben/200814_ Schlei_S25/200814_Schlei_S25_MP_Blind,200814_Schlei_S25_MP_Blind.pkl,1611923023.044652,1969383
/run/media/rob/temp_data/Schleiproben/190903_Schlei_S10_ 15cm/190903_Schlei_S10_ 15cm_1von2/190903_Blind_Schlei_S10_15cm_1-2_10,190903_Blind_Schlei_S10_15cm_1-2_10.pkl,1610981200.48365,1042588
/run/media/rob/temp_data/Schleiproben/190903_Schlei_S10_ 15cm/190903_Schlei_S10_ 15cm_1von2/190903_Schlei_S10_15cm_1-2_50_1,190903_Schlei_S10_15cm_1-2_50_1.pkl,1602175843.952637,20764107
/run/media/rob/temp_data/Schleiproben/190903_Schlei_S10_ 15cm/190903_Schlei_S10_ 15cm_1von2/190903_Schlei_S10_15cm_1-2_50_1,190903_Schlei_S10_15cm_1-2_50_1_vor Upload.pkl,1571293591.53439,20762980
/run/media/rob/temp_data/Schleiproben/190903_Schlei_S10_ 15cm/190903_Schlei_S10_ 15cm_1von2/190903_Schlei_S10_15cm_1-2_50_10,190903_Schlei_S10_15cm_1-2_50_10.pkl,1568372546.276966,10822741
/run/media/rob/temp_data/Schleiproben/190903_Schlei_S10_ 15cm/190903_Schlei_S10_ 15cm_1von2/190903_Schlei_S10_15cm_1-2_50_10_bearbeitet,190903_Schlei_S10_15cm_1-2_50_10.pkl,1609859260.34797,21724671
/run/media/rob/temp_data/Schleiproben/190903_Schlei_S10_ 15cm/190903_Schlei_S10_ 15cm_1von2/190903_Schlei_S10_15cm_1-2_50_10_bearbeitet,190903_Schlei_S10_15cm_1-2_50_10_vor upload.pkl,1608025591.588303,21759554
/run/media/rob/temp_data/Schleiproben/190903_Schlei_S10_ 15cm/190903_Schlei_S10_ 15cm_1von2/190903_Schlei_S10_15cm_1-2_50_2,190903_Schlei_S10_15cm_1-2_50_2.pkl,1607442876.54463,20005114
/run/media/rob/temp_data/Schleiproben/190903_Schlei_S10_ 15cm/190903_Schlei_S10_ 15cm_1von2/190903_Schlei_S10_15cm_1-2_50_2,190903_Schlei_S10_15cm_1-2_50_2_old.pkl,1568349964.401357,9655848
/run/media/rob/temp_data/Schleiproben/190903_Schlei_S10_ 15cm/190903_Schlei_S10_ 15cm_1von2/190903_Schlei_S10_15cm_1-2_50_3,190903_Schlei_S10_15cm_1-2_50_3_neu.pkl,1568695198.755242,20435893
/run/media/rob/temp_data/Schleiproben/190903_Schlei_S10_ 15cm/190903_Schlei_S10_ 15cm_1von2/190903_Schlei_S10_15cm_1-2_50_3_bearbeitet,190903_Schlei_S10_15cm_1-2_50_3_neu.pkl,1609852588.120863,41979957
/run/media/rob/temp_data/Schleiproben/190903_Schlei_S10_ 15cm/190903_Schlei_S10_ 15cm_1von2/190903_Schlei_S10_15cm_1-2_50_3_bearbeitet,190903_Schlei_S10_15cm_1-2_50_3_neu_vor upload.pkl,1607692440.565218,42084213
/run/media/rob/temp_data/Schleiproben/190903_Schlei_S10_ 15cm/190903_Schlei_S10_ 15cm_1von2/190903_Schlei_S10_15cm_1-2_50_4,190903_Schlei_S10_15cm_1-2_50_4.pkl,1569386715.517482,21210625
/run/media/rob/temp_data/Schleiproben/190903_Schlei_S10_ 15cm/190903_Schlei_S10_ 15cm_1von2/190903_Schlei_S10_15cm_1-2_50_4_bearbeitet,190903_Schlei_S10_15cm_1-2_50_4.pkl,1609853527.987075,42146262
/run/media/rob/temp_data/Schleiproben/190903_Schlei_S10_ 15cm/190903_Schlei_S10_ 15cm_1von2/190903_Schlei_S10_15cm_1-2_50_4_bearbeitet,190903_Schlei_S10_15cm_1-2_50_4_alt.pkl,1569386715.517482,21210625
/run/media/rob/temp_data/Schleiproben/190903_Schlei_S10_ 15cm/190903_Schlei_S10_ 15cm_1von2/190903_Schlei_S10_15cm_1-2_50_4_bearbeitet,190903_Schlei_S10_15cm_1-2_50_4_vor upload.pkl,1607695264.063116,42212959
/run/media/rob/temp_data/Schleiproben/190903_Schlei_S10_ 15cm/190903_Schlei_S10_ 15cm_1von2/190903_Schlei_S10_15cm_1-2_50_5,190903_Schlei_S10_15cm_1-2_50_5.pkl,1569583598.012499,35900720
/run/media/rob/temp_data/Schleiproben/190903_Schlei_S10_ 15cm/190903_Schlei_S10_ 15cm_1von2/190903_Schlei_S10_15cm_1-2_50_5_bearbeitet,190903_Schlei_S10_15cm_1-2_50_5.pkl,1609854412.463533,35759354
/run/media/rob/temp_data/Schleiproben/190903_Schlei_S10_ 15cm/190903_Schlei_S10_ 15cm_1von2/190903_Schlei_S10_15cm_1-2_50_5_bearbeitet,190903_Schlei_S10_15cm_1-2_50_5_vor upload.pkl,1607930085.510902,35842635
/run/media/rob/temp_data/Schleiproben/190903_Schlei_S10_ 15cm/190903_Schlei_S10_ 15cm_1von2/190903_Schlei_S10_15cm_1-2_50_6,190903_Schlei_S10_15cm_1-2_50_6.pkl,1571056013.813603,75412306
/run/media/rob/temp_data/Schleiproben/190903_Schlei_S10_ 15cm/190903_Schlei_S10_ 15cm_1von2/190903_Schlei_S10_15cm_1-2_50_6,190903_Schlei_S10_15cm_1-2_50_6_original.pkl,1569576610.546857,37305919
/run/media/rob/temp_data/Schleiproben/190903_Schlei_S10_ 15cm/190903_Schlei_S10_ 15cm_1von2/190903_Schlei_S10_15cm_1-2_50_6_bearbeitet,190903_Schlei_S10_15cm_1-2_50_6 vor upload.pkl,1608015987.556689,75256740
/run/media/rob/temp_data/Schleiproben/190903_Schlei_S10_ 15cm/190903_Schlei_S10_ 15cm_1von2/190903_Schlei_S10_15cm_1-2_50_6_bearbeitet,190903_Schlei_S10_15cm_1-2_50_6.pkl,1609855547.715564,75120549
/run/media/rob/temp_data/Schleiproben/190903_Schlei_S10_ 15cm/190903_Schlei_S10_ 15cm_1von2/190903_Schlei_S10_15cm_1-2_50_6_bearbeitet,190903_Schlei_S10_15cm_1-2_50_6_original.pkl,1569576610.546857,37305919
/run/media/rob/temp_data/Schleiproben/190903_Schlei_S10_ 15cm/190903_Schlei_S10_ 15cm_1von2/190903_Schlei_S10_15cm_1-2_50_7,190903_Schlei_S10_15cm_1-2_50_7.pkl,1571049686.72522,36763122
/run/media/rob/temp_data/Schleiproben/190903_Schlei_S10_ 15cm/190903_Schlei_S10_ 15cm_1von2/190903_Schlei_S10_15cm_1-2_50_7,190903_Schlei_S10_15cm_1-2_50_7_original.pkl,1570682725.786959,17538894
/run/media/rob/temp_data/Schleiproben/190903_Schlei_S10_ 15cm/190903_Schlei_S10_ 15cm_1von2/190903_Schlei_S10_15cm_1-2_50_7_bearbeitet,190903_Schlei_S10_15cm_1-2_50_7.pkl,1609856896.124702,36591181
/run/media/rob/temp_data/Schleiproben/190903_Schlei_S10_ 15cm/190903_Schlei_S10_ 15cm_1von2/190903_Schlei_S10_15cm_1-2_50_7_bearbeitet,190903_Schlei_S10_15cm_1-2_50_7_original.pkl,1570682725.786959,17538894
/run/media/rob/temp_data/Schleiproben/190903_Schlei_S10_ 15cm/190903_Schlei_S10_ 15cm_1von2/190903_Schlei_S10_15cm_1-2_50_7_bearbeitet,190903_Schlei_S10_15cm_1-2_50_7_vor upload.pkl,1608023206.30985,36704370
/run/media/rob/temp_data/Schleiproben/190903_Schlei_S10_ 15cm/190903_Schlei_S10_ 15cm_1von2/190903_Schlei_S10_15cm_1-2_50_8,190903_Schlei_S10_15cm_1-2_50_8.pkl,1571058179.377741,74107737
/run/media/rob/temp_data/Schleiproben/190903_Schlei_S10_ 15cm/190903_Schlei_S10_ 15cm_1von2/190903_Schlei_S10_15cm_1-2_50_8,190903_Schlei_S10_15cm_1-2_50_8_original.pkl,1569493482.177186,36162010
/run/media/rob/temp_data/Schleiproben/190903_Schlei_S10_ 15cm/190903_Schlei_S10_ 15cm_1von2/190903_Schlei_S10_15cm_1-2_50_8_bearbeitet,190903_Schlei_S10_15cm_1-2_50_8.pkl,1609857324.723729,73909096
/run/media/rob/temp_data/Schleiproben/190903_Schlei_S10_ 15cm/190903_Schlei_S10_ 15cm_1von2/190903_Schlei_S10_15cm_1-2_50_8_bearbeitet,190903_Schlei_S10_15cm_1-2_50_8_alt.pkl,1608037209.159896,74107742
/run/media/rob/temp_data/Schleiproben/190903_Schlei_S10_ 15cm/190903_Schlei_S10_ 15cm_1von2/190903_Schlei_S10_15cm_1-2_50_8_bearbeitet,190903_Schlei_S10_15cm_1-2_50_8_original.pkl,1569493482.177186,36162010
/run/media/rob/temp_data/Schleiproben/190903_Schlei_S10_ 15cm/190903_Schlei_S10_ 15cm_1von2/190903_Schlei_S10_15cm_1-2_50_8_bearbeitet,190903_Schlei_S10_15cm_1-2_50_8_vor upload.pkl,1608040958.511472,74077211
/run/media/rob/temp_data/Schleiproben/190903_Schlei_S10_ 15cm/190903_Schlei_S10_ 15cm_1von2/190903_Schlei_S10_15cm_1-2_50_9,190903_Schlei_S10_15cm_1-2_50_9.pkl,1570791429.927783,42355554
/run/media/rob/temp_data/Schleiproben/190903_Schlei_S10_ 15cm/190903_Schlei_S10_ 15cm_1von2/190903_Schlei_S10_15cm_1-2_50_9,190903_Schlei_S10_15cm_1-2_50_9_original.pkl,1570596139.837294,20923825
/run/media/rob/temp_data/Schleiproben/190903_Schlei_S10_ 15cm/190903_Schlei_S10_ 15cm_1von2/190903_Schlei_S10_15cm_1-2_50_9_bearbeitet,190903_Schlei_S10_15cm_1-2_50_9.pkl,1609857849.102378,42239905
/run/media/rob/temp_data/Schleiproben/190903_Schlei_S10_ 15cm/190903_Schlei_S10_ 15cm_1von2/190903_Schlei_S10_15cm_1-2_50_9_bearbeitet,190903_Schlei_S10_15cm_1-2_50_9_original.pkl,1570596139.837294,20923825
/run/media/rob/temp_data/Schleiproben/190903_Schlei_S10_ 15cm/190903_Schlei_S10_ 15cm_1von2/190903_Schlei_S10_15cm_1-2_50_9_bearbeitet,190903_Schlei_S10_15cm_1-2_50_9_vor upload.pkl,1608026991.677624,42322182
/run/media/rob/temp_data/Schleiproben/190903_Schlei_S10_ 15cm/190904_Schlei_S10_ 15cm_2von2/190904_Blind_Schlei_S10_15cm_2-2_10_nicht hochgeladen,190904_Blind_Schlei_S10_15cm_2-2_10_vor upload.pkl,1567687038.374621,705108
/run/media/rob/temp_data/Schleiproben/190903_Schlei_S10_ 15cm/190904_Schlei_S10_ 15cm_2von2/190904_Schlei_S10_15cm_2-2_50,190904_Schlei_S10_15cm_2-2.pkl,1609860328.484017,9132955
/run/media/rob/temp_data/Schleiproben/190903_Schlei_S10_ 15cm/190904_Schlei_S10_ 15cm_2von2/190904_Schlei_S10_15cm_2-2_50,190904_Schlei_S10_15cm_2-2_vor upload.pkl,1568354366.166391,9144787
/run/media/rob/temp_data/Schleiproben/190903_Schlei_S10_15cm/190903_Blind_Schlei_S10_15cm_1-2_10,190903_Blind_Schlei_S10_15cm_1-2_10.pkl,1610981200.48365,1042588
/run/media/rob/temp_data/Schleiproben/190903_Schlei_S10_15cm/190903_Schlei_S10_15cm_1-2_50_1,190903_Schlei_S10_15cm_1-2_50_1.pkl,1602175843.952637,20764107
/run/media/rob/temp_data/Schleiproben/190903_Schlei_S10_15cm/190903_Schlei_S10_15cm_1-2_50_10_bearbeitet,190903_Schlei_S10_15cm_1-2_50_10.pkl,1609859260.34797,21724671
/run/media/rob/temp_data/Schleiproben/190903_Schlei_S10_15cm/190903_Schlei_S10_15cm_1-2_50_2,190903_Schlei_S10_15cm_1-2_50_2.pkl,1607442876.54463,20005114
/run/media/rob/temp_data/Schleiproben/190903_Schlei_S10_15cm/190903_Schlei_S10_15cm_1-2_50_2,190903_Schlei_S10_15cm_1-2_50_2_old.pkl,1568349964.401357,9655848
/run/media/rob/temp_data/Schleiproben/190903_Schlei_S10_15cm/190903_Schlei_S10_15cm_1-2_50_3_bearbeitet,190903_Schlei_S10_15cm_1-2_50_3_neu.pkl,1609852588.120863,41979957
/run/media/rob/temp_data/Schleiproben/190903_Schlei_S10_15cm/190903_Schlei_S10_15cm_1-2_50_4_bearbeitet,190903_Schlei_S10_15cm_1-2_50_4.pkl,1609853527.987075,42146262
/run/media/rob/temp_data/Schleiproben/190903_Schlei_S10_15cm/190903_Schlei_S10_15cm_1-2_50_4_bearbeitet,190903_Schlei_S10_15cm_1-2_50_4_alt.pkl,1569386715.517482,21210625
/run/media/rob/temp_data/Schleiproben/190903_Schlei_S10_15cm/190903_Schlei_S10_15cm_1-2_50_5_bearbeitet,190903_Schlei_S10_15cm_1-2_50_5.pkl,1609854412.463533,35759354
/run/media/rob/temp_data/Schleiproben/190903_Schlei_S10_15cm/190903_Schlei_S10_15cm_1-2_50_6_bearbeitet,190903_Schlei_S10_15cm_1-2_50_6.pkl,1609855547.715564,75120549
/run/media/rob/temp_data/Schleiproben/190903_Schlei_S10_15cm/190903_Schlei_S10_15cm_1-2_50_6_bearbeitet,190903_Schlei_S10_15cm_1-2_50_6_original.pkl,1569576610.546857,37305919
/run/media/rob/temp_data/Schleiproben/190903_Schlei_S10_15cm/190903_Schlei_S10_15cm_1-2_50_7_bearbeitet,190903_Schlei_S10_15cm_1-2_50_7.pkl,1609856896.124702,36591181
/run/media/rob/temp_data/Schleiproben/190903_Schlei_S10_15cm/190903_Schlei_S10_15cm_1-2_50_7_bearbeitet,190903_Schlei_S10_15cm_1-2_50_7_original.pkl,1570682725.786959,17538894
/run/media/rob/temp_data/Schleiproben/190903_Schlei_S10_15cm/190903_Schlei_S10_15cm_1-2_50_8_bearbeitet,190903_Schlei_S10_15cm_1-2_50_8.pkl,1609857324.723729,73909096
/run/media/rob/temp_data/Schleiproben/190903_Schlei_S10_15cm/190903_Schlei_S10_15cm_1-2_50_8_bearbeitet,190903_Schlei_S10_15cm_1-2_50_8_original.pkl,1569493482.177186,36162010
/run/media/rob/temp_data/Schleiproben/190903_Schlei_S10_15cm/190903_Schlei_S10_15cm_1-2_50_9_bearbeitet,190903_Schlei_S10_15cm_1-2_50_9.pkl,1609857849.102378,42239905
/run/media/rob/temp_data/Schleiproben/190903_Schlei_S10_15cm/190903_Schlei_S10_15cm_1-2_50_9_bearbeitet,190903_Schlei_S10_15cm_1-2_50_9_original.pkl,1570596139.837294,20923825
/run/media/rob/temp_data/Schleiproben/190903_Schlei_S10_15cm/190904_Schlei_S10_15cm_2-2_50,190904_Schlei_S10_15cm_2-2.pkl,1609860328.484017,9132955
/run/media/rob/temp_data/Schleiproben/190926_Schlei_S23/190926_Schlei_S23_MP1/190926_Blind_Schlei_S23_MP1,190926_Blind_Schlei_S23_MP1.pkl,1609678754.19143,1502897
/run/media/rob/temp_data/Schleiproben/190926_Schlei_S23/190926_Schlei_S23_MP1/190926_Blind_Schlei_S23_MP1,190926_Blind_Schlei_S23_MP1_original.pkl,1570780242.440324,740988
/run/media/rob/temp_data/Schleiproben/190926_Schlei_S23/190926_Schlei_S23_MP1/190926_Schlei_S23_MP1_50_1,190926_Schlei_S23_MP1_50_1.pkl,1578477327.344437,23074450
/run/media/rob/temp_data/Schleiproben/190926_Schlei_S23/190926_Schlei_S23_MP1/190926_Schlei_S23_MP1_50_1,190926_Schlei_S23_MP1_50_1_alt.pkl,1575629492.697226,23179431
/run/media/rob/temp_data/Schleiproben/190926_Schlei_S23/190926_Schlei_S23_MP1/190926_Schlei_S23_MP1_50_1,190926_Schlei_S23_MP1_50_1_original.pkl,1573795927.847135,22979020
/run/media/rob/temp_data/Schleiproben/190926_Schlei_S23/190926_Schlei_S23_MP1/190926_Schlei_S23_MP1_50_4,190926_Schlei_S23_MP1_50_4.pkl,1578484595.221695,24347072
/run/media/rob/temp_data/Schleiproben/190926_Schlei_S23/190926_Schlei_S23_MP1/190926_Schlei_S23_MP1_50_4,190926_Schlei_S23_MP1_50_4_original.pkl,1571140759.909421,12068341
/run/media/rob/temp_data/Schleiproben/190926_Schlei_S23/190926_Schlei_S23_MP1/190926_Schlei_S23_MP1_50_6,190926_Schlei_S23_MP1_50_6.pkl,1578486440.863043,11804239
/run/media/rob/temp_data/Schleiproben/190926_Schlei_S23/190926_Schlei_S23_MP1/190926_Schlei_S23_MP1_50_6,190926_Schlei_S23_MP1_50_6_original.pkl,1571044607.596051,5859780
/run/media/rob/temp_data/Schleiproben/190926_Schlei_S23/190926_Schlei_S23_MP1/190926_Schlei_S23_MP_1_50_2,190926_Schlei_S23_MP_1_50_2.pkl,1578477999.301696,13543194
/run/media/rob/temp_data/Schleiproben/190926_Schlei_S23/190926_Schlei_S23_MP1/190926_Schlei_S23_MP_1_50_3,190926_Schlei_S23_MP_1_50_3.pkl,1578479378.646904,23493578
/run/media/rob/temp_data/Schleiproben/190926_Schlei_S23/190926_Schlei_S23_MP1/190926_Schlei_S23_MP_1_50_5,190926_Schlei_S23_MP_1_50_5.pkl,1578485789.49883,22837851
/run/media/rob/temp_data/Schleiproben/190926_Schlei_S23/190926_Schlei_S23_MP2/190926_Blind_Schlei_S23_MP2,190926_Blind_Schlei_S23_MP2.pkl,1609679165.221657,1594214
/run/media/rob/temp_data/Schleiproben/190926_Schlei_S23/190926_Schlei_S23_MP2/190926_Blind_Schlei_S23_MP2,190926_Blind_Schlei_S23_MP2_original.pkl,1570621318.179888,796176
/run/media/rob/temp_data/Schleiproben/190926_Schlei_S23/190926_Schlei_S23_MP2/190926_Schlei_S23_MP2_50_1,190926_Schlei_S23_MP2_50_1.pkl,1578488903.945139,51803586
/run/media/rob/temp_data/Schleiproben/190926_Schlei_S23/190926_Schlei_S23_MP2/190926_Schlei_S23_MP2_50_1,190926_Schlei_S23_MP2_50_1_alt.pkl,1571126719.041481,51803208
/run/media/rob/temp_data/Schleiproben/190926_Schlei_S23/190926_Schlei_S23_MP2/190926_Schlei_S23_MP2_50_1,190926_Schlei_S23_MP2_50_1_original.pkl,1571116207.843475,24986316
/run/media/rob/temp_data/Schleiproben/190926_Schlei_S23/190926_Schlei_S23_MP2/190926_Schlei_S23_MP2_50_2,190926_Schlei_S23_MP2_50_2.pkl,1578490208.572806,52272423
/run/media/rob/temp_data/Schleiproben/190926_Schlei_S23/190926_Schlei_S23_MP2/190926_Schlei_S23_MP2_50_2,190926_Schlei_S23_MP2_50_2_ALT.pkl,1570781261.684741,52285101
/run/media/rob/temp_data/Schleiproben/190926_Schlei_S23/190926_Schlei_S23_MP2/190926_Schlei_S23_MP2_50_2,190926_Schlei_S23_MP2_50_2_original.pkl,1570769330.219324,24916723
/run/media/rob/temp_data/Schleiproben/190926_Schlei_S23/190926_Schlei_S23_MP2/190926_Schlei_S23_MP2_50_4,190926_Schlei_S23_MP2_50_4.pkl,1578482611.366802,18750827
/run/media/rob/temp_data/Schleiproben/190926_Schlei_S23/190926_Schlei_S23_MP2/190926_Schlei_S23_MP2_50_4,190926_Schlei_S23_MP2_50_4_alt.pkl,1570709980.509569,18763486
/run/media/rob/temp_data/Schleiproben/190926_Schlei_S23/190926_Schlei_S23_MP2/190926_Schlei_S23_MP2_50_4,190926_Schlei_S23_MP2_50_4_original.pkl,1570707117.032894,9186960
/run/media/rob/temp_data/Schleiproben/190926_Schlei_S23/190926_Schlei_S23_MP2/190926_Schlei_S23_MP_2_50_3,190926_Schlei_S23_MP_2_50_3.pkl,1578491953.209212,29032426
/run/media/rob/temp_data/Schleiproben/191125_Schlei_S15/191125_Schlei_S15_50_1,191125_Schlei_S15_50_1.pkl,1611859029.007059,27075880
/run/media/rob/temp_data/Schleiproben/191125_Schlei_S15/191125_Schlei_S15_50_1,191125_Schlei_S15_50_1_vor upload.pkl,1576245946.667984,27092500
/run/media/rob/temp_data/Schleiproben/191125_Schlei_S15/191125_Schlei_S15_50_2,191125_Schlei_S15_50_2.pkl,1611859753.97198,13324954
/run/media/rob/temp_data/Schleiproben/191125_Schlei_S15/191125_Schlei_S15_50_2,191125_Schlei_S15_50_2_vor upload.pkl,1576661662.396881,13328608
/run/media/rob/temp_data/Schleiproben/191125_Schlei_S15/191125_Schlei_S15_50_3,191125_Schlei_S15_50_3.pkl,1611860408.513151,10381511
/run/media/rob/temp_data/Schleiproben/191125_Schlei_S15/191125_Schlei_S15_50_3,191125_Schlei_S15_50_3_vor upload.pkl,1576652937.0,10373838
/run/media/rob/temp_data/Schleiproben/191125_Schlei_S15/191125_Schlei_S15_50_4,191125_Schlei_S15_50_4.pkl,1611860856.444026,11390524
/run/media/rob/temp_data/Schleiproben/191125_Schlei_S15/191125_Schlei_S15_50_4,191125_Schlei_S15_50_4_vor upload.pkl,1575543559.118006,11387542
/run/media/rob/temp_data/Schleiproben/191125_Schlei_S15/191125_Schlei_S15_50_5,191125_Schlei_S15_50_5.pkl,1611861564.183114,14187876
/run/media/rob/temp_data/Schleiproben/191125_Schlei_S15/191125_Schlei_S15_50_5,191125_Schlei_S15_50_5_vor upload.pkl,1576655638.0,14194966
/run/media/rob/temp_data/Schleiproben/191125_Schlei_S15/191125_Schlei_S15_Blind,191125_Schlei_S15_Blind.pkl,1611935751.427754,899114
/run/media/rob/temp_data/Schleiproben/191125_Schlei_S15/191125_Schlei_S15_Blind,191125_Schlei_S15_Blind_vor upload.pkl,1611925842.208062,887419
/run/media/rob/temp_data/Schleiproben/191205_Schlei_S26/191205_Schlei_S26_50_1,191205_Schlei_S26_50_1.pkl,1609837814.815041,4602644
/run/media/rob/temp_data/Schleiproben/191205_Schlei_S26/191205_Schlei_S26_50_1,191205_Schlei_S26_50_1_vor upload.pkl,1580221932.83748,4596501
/run/media/rob/temp_data/Schleiproben/191205_Schlei_S26/191205_Schlei_S26_50_2,191205_Schlei_S26_50_2.pkl,1609838387.427611,49413785
/run/media/rob/temp_data/Schleiproben/191205_Schlei_S26/191205_Schlei_S26_50_2,191205_Schlei_S26_50_2_original.pkl,1575870600.003844,48988261
/run/media/rob/temp_data/Schleiproben/191205_Schlei_S26/191205_Schlei_S26_50_2,191205_Schlei_S26_50_2_vor upload.pkl,1580391144.682938,49476130
/run/media/rob/temp_data/Schleiproben/191205_Schlei_S26/191205_Schlei_S26_50_3,191205_Schlei_S26_50_3.pkl,1609839013.510893,58545686
/run/media/rob/temp_data/Schleiproben/191205_Schlei_S26/191205_Schlei_S26_50_3,191205_Schlei_S26_50_3_vor upload.pkl,1580298786.202947,58632812
/run/media/rob/temp_data/Schleiproben/191205_Schlei_S26/191205_Schlei_S26_50_4,191205_Schlei_S26_50_4.pkl,1609839735.503652,29449356
/run/media/rob/temp_data/Schleiproben/191205_Schlei_S26/191205_Schlei_S26_50_4,191205_Schlei_S26_50_4.vor upload.pkl,1575957178.204816,29255057
/run/media/rob/temp_data/Schleiproben/191205_Schlei_S26/191205_Schlei_S26_50_5,191205_Schlei_S26_50_5.pkl,1609840331.110862,36051245
/run/media/rob/temp_data/Schleiproben/191205_Schlei_S26/191205_Schlei_S26_50_5,191205_Schlei_S26_50_5_vor upload.pkl,1607412786.929501,36050325
/run/media/rob/temp_data/Schleiproben/191205_Schlei_S26/191205_Schlei_S26_50_6,191205_Schlei_S26_50_6.pkl,1609840678.438875,13784572
/run/media/rob/temp_data/Schleiproben/191205_Schlei_S26/191205_Schlei_S26_50_6,191205_Schlei_S26_50_6_original.pkl,1576043471.388842,13680299
/run/media/rob/temp_data/Schleiproben/191205_Schlei_S26/191205_Schlei_S26_50_6,191205_Schlei_S26_50_6_vor upload.pkl,1580216285.697353,13791750
/run/media/rob/temp_data/Schleiproben/191205_Schlei_S26/191205_Schlei_S26_50_7_alt_abgespült,191205_Schlei_S26_50_7_alt_abgespült.pkl,1605097379.620378,1993588
/run/media/rob/temp_data/Schleiproben/191205_Schlei_S26/191205_Schlei_S26_50_7_neu,191205_Schlei_S26_50_7_neu.pkl,1609842057.223459,7981487
/run/media/rob/temp_data/Schleiproben/191205_Schlei_S26/191205_Schlei_S26_50_7_neu,191205_Schlei_S26_50_7_neu_vor upload.pkl,1605098440.603702,7979867
/run/media/rob/temp_data/Schleiproben/191205_Schlei_S26/191205_Schlei_S26_50_8,191205_Schlei_S26_50_8.pkl,1609841349.679184,3689039
/run/media/rob/temp_data/Schleiproben/191205_Schlei_S26/191205_Schlei_S26_50_8,191205_Schlei_S26_50_8_vor upload.pkl,1580302060.145399,3679109
/run/media/rob/temp_data/Schleiproben/191205_Schlei_S26/191205_Schlei_S26_Blind,191205_Schlei_S26_Blind.pkl,1610981753.369189,463358
/run/media/rob/temp_data/Schleiproben/191205_Schlei_S26/201020_191205_SchleiS26_50_7_Blind_upload unnötig,201020_191205_SchleiS26_50_7_Blind.pkl,1605099297.400649,1074148
/run/media/rob/temp_data/Schleiproben/200113_Schlei_S22/200113_Schlei_S22_50_1,200113_Schlei_S22_50_1.pkl,1611908172.488437,11880314
/run/media/rob/temp_data/Schleiproben/200113_Schlei_S22/200113_Schlei_S22_50_1,200113_Schlei_S22_50_1_vor upload.pkl,1580204691.964949,11884851
/run/media/rob/temp_data/Schleiproben/200113_Schlei_S22/200113_Schlei_S22_50_2,200113_Schlei_S22_50_2.pkl,1611908787.958817,9862309
/run/media/rob/temp_data/Schleiproben/200113_Schlei_S22/200113_Schlei_S22_50_2,200113_Schlei_S22_50_2_vor upload.pkl,1580125677.658477,9865302
/run/media/rob/temp_data/Schleiproben/200113_Schlei_S22/200113_Schlei_S22_50_3,200113_Schlei_S22_50_3.pkl,1611909616.461083,11924897
/run/media/rob/temp_data/Schleiproben/200113_Schlei_S22/200113_Schlei_S22_50_3,200113_Schlei_S22_50_3_vor upload.pkl,1580136635.982092,11927074
/run/media/rob/temp_data/Schleiproben/200113_Schlei_S22/200113_Schlei_S22_Blind,200113_Schlei_S22_Blind.pkl,1580115703.350341,1509236
/run/media/rob/temp_data/Schleiproben/200121_Schlei_S1_15cm/200117_Schlei_S1_15cm_50_1,200117_Schlei_S1_15cm_50_1.pkl,1609925565.997645,54354346
/run/media/rob/temp_data/Schleiproben/200121_Schlei_S1_15cm/200117_Schlei_S1_15cm_50_1,200117_Schlei_S1_15cm_50_1_alt.pkl,1605161444.707266,54779386
/run/media/rob/temp_data/Schleiproben/200121_Schlei_S1_15cm/200117_Schlei_S1_15cm_50_1,200117_Schlei_S1_15cm_50_1_vor upload.pkl,1605173410.501677,54416801
/run/media/rob/temp_data/Schleiproben/200121_Schlei_S1_15cm/200117_Schlei_S1_15cm_50_2,200117_Schlei_S1_15cm_50_2.pkl,1609868534.193704,42385842
/run/media/rob/temp_data/Schleiproben/200121_Schlei_S1_15cm/200117_Schlei_S1_15cm_50_2,200117_Schlei_S1_15cm_50_2_vor upload.pkl,1605187265.884496,42430130
/run/media/rob/temp_data/Schleiproben/200121_Schlei_S1_15cm/200117_Schlei_S1_15cm_50_3,200117_Schlei_S1_15cm_50_3.pkl,1609926616.767744,28776958
/run/media/rob/temp_data/Schleiproben/200121_Schlei_S1_15cm/200117_Schlei_S1_15cm_50_3,200117_Schlei_S1_15cm_50_3_vor upload.pkl,1605189090.107759,28799677
/run/media/rob/temp_data/Schleiproben/200121_Schlei_S1_15cm/200117_Schlei_S1_15cm_50_4,200117_Schlei_S1_15cm_50_4.pkl,1609927111.76111,49704135
/run/media/rob/temp_data/Schleiproben/200121_Schlei_S1_15cm/200117_Schlei_S1_15cm_50_4,200117_Schlei_S1_15cm_50_4_vor upload.pkl,1605190625.277094,49769624
/run/media/rob/temp_data/Schleiproben/200121_Schlei_S1_15cm/200117_Schlei_S1_15cm_50_5,200117_Schlei_S1_15cm_50_5.pkl,1609927837.458412,45111497
/run/media/rob/temp_data/Schleiproben/200121_Schlei_S1_15cm/200117_Schlei_S1_15cm_50_5,200117_Schlei_S1_15cm_50_5_vor upload.pkl,1605530714.83213,45164061
/run/media/rob/temp_data/Schleiproben/200121_Schlei_S1_15cm/200117_Schlei_S1_15cm_50_6,200117_Schlei_S1_15cm_50_6.pkl,1609928693.409203,60196904
/run/media/rob/temp_data/Schleiproben/200121_Schlei_S1_15cm/200117_Schlei_S1_15cm_50_6,200117_Schlei_S1_15cm_50_6_vor upload.pkl,1605535326.764251,60269548
/run/media/rob/temp_data/Schleiproben/200121_Schlei_S1_15cm/200117_Schlei_S1_15cm_50_7,200117_Schlei_S1_15cm_50_7.pkl,1609930033.621965,20645754
/run/media/rob/temp_data/Schleiproben/200121_Schlei_S1_15cm/200117_Schlei_S1_15cm_50_7,200117_Schlei_S1_15cm_50_7_vor upload.pkl,1605277470.371692,20652651
/run/media/rob/temp_data/Schleiproben/200121_Schlei_S1_15cm/200117_Schlei_S1_15cm_50_8,200117_Schlei_S1_15cm_50_8.pkl,1609930692.342835,19650619
/run/media/rob/temp_data/Schleiproben/200121_Schlei_S1_15cm/200117_Schlei_S1_15cm_50_8,200117_Schlei_S1_15cm_50_8_vor upload.pkl,1605259478.931311,19659949
/run/media/rob/temp_data/Schleiproben/200121_Schlei_S1_15cm/200117_Schlei_S1_15cm_50_9,200117_Schlei_S1_15cm_50_9.pkl,1609931211.948495,17612776
/run/media/rob/temp_data/Schleiproben/200121_Schlei_S1_15cm/200117_Schlei_S1_15cm_50_9,200117_Schlei_S1_15cm_50_9_vor upload.pkl,1605272590.939546,17619754
/run/media/rob/temp_data/Schleiproben/200121_Schlei_S1_15cm/200117_Schlei_S1_15cm_Blind,200117_Schlei_S1_15cm_Blind.pkl,1609931632.177028,400779
/run/media/rob/temp_data/Schleiproben/200121_Schlei_S1_15cm/200117_Schlei_S1_15cm_Blind,200117_Schlei_S1_15cm_Blind_vor upload.pkl,1605100650.215013,387559
/run/media/rob/temp_data/Schleiproben/200121_Schlei_S1_15cm/200121_Schlei_S1_15cm_2_Blind_nicht hochgeladen,200121_Schlei_S1_15cm_2_Blind.pkl,1605100109.623987,1888461
/run/media/rob/temp_data/Schleiproben/200122_Schlei_S30/200122_Schlei_S30_50_1,200122_Schlei_S30_50_1.pkl,1609682369.155376,35714222
/run/media/rob/temp_data/Schleiproben/200122_Schlei_S30/200122_Schlei_S30_50_10,200122_Schlei_S30_50_10.pkl,1609750579.35781,43968964
/run/media/rob/temp_data/Schleiproben/200122_Schlei_S30/200122_Schlei_S30_50_11,200122_Schlei_S30_50_11.pkl,1609750954.029594,24883692
/run/media/rob/temp_data/Schleiproben/200122_Schlei_S30/200122_Schlei_S30_50_12,200122_Schlei_S30_50_12.pkl,1609751284.02038,23300090
/run/media/rob/temp_data/Schleiproben/200122_Schlei_S30/200122_Schlei_S30_50_13,200122_Schlei_S30_50_13.pkl,1609751712.816186,28196244
/run/media/rob/temp_data/Schleiproben/200122_Schlei_S30/200122_Schlei_S30_50_14,200122_Schlei_S30_50_14.pkl,1609753821.667158,19002663
/run/media/rob/temp_data/Schleiproben/200122_Schlei_S30/200122_Schlei_S30_50_15,200122_Schlei_S30_50_15.pkl,1598342346.703475,27113567
/run/media/rob/temp_data/Schleiproben/200122_Schlei_S30/200122_Schlei_S30_50_16,200122_Schlei_S30_50_16.pkl,1609754247.371464,15039105
/run/media/rob/temp_data/Schleiproben/200122_Schlei_S30/200122_Schlei_S30_50_17,200122_Schlei_S30_50_17.pkl,1609754699.051399,10909383
/run/media/rob/temp_data/Schleiproben/200122_Schlei_S30/200122_Schlei_S30_50_2,200122_Schlei_S30_50_2.pkl,1609695842.4373,23295007
/run/media/rob/temp_data/Schleiproben/200122_Schlei_S30/200122_Schlei_S30_50_3,200122_Schlei_S30_50_3.pkl,1609696324.732909,37285017
/run/media/rob/temp_data/Schleiproben/200122_Schlei_S30/200122_Schlei_S30_50_4,200122_Schlei_S30_50_4.pkl,1609696832.565192,20462815
/run/media/rob/temp_data/Schleiproben/200122_Schlei_S30/200122_Schlei_S30_50_5,200122_Schlei_S30_50_5.pkl,1609697237.229362,20873010
/run/media/rob/temp_data/Schleiproben/200122_Schlei_S30/200122_Schlei_S30_50_6,200122_Schlei_S30_50_6.pkl,1609698329.836843,33222303
/run/media/rob/temp_data/Schleiproben/200122_Schlei_S30/200122_Schlei_S30_50_7,200122_Schlei_S30_50_7.pkl,1609698505.556438,33429525
/run/media/rob/temp_data/Schleiproben/200122_Schlei_S30/200122_Schlei_S30_50_8,200122_Schlei_S30_50_8.pkl,1609698981.105043,51996356
/run/media/rob/temp_data/Schleiproben/200122_Schlei_S30/200122_Schlei_S30_50_9,200122_Schlei_S30_50_9.pkl,1609749986.96931,50791537
/run/media/rob/temp_data/Schleiproben/200122_Schlei_S30/200122_Schlei_S30_Blind,200122_Schlei_S30_Blind.pkl,1610985986.285876,2531051
/run/media/rob/temp_data/Schleiproben/200618_Schlei_S31/200618_Schlei_S31_50_1,200618_Schlei_S31_50_1.pkl,1611772068.482458,21943802
/run/media/rob/temp_data/Schleiproben/200618_Schlei_S31/200618_Schlei_S31_50_2,200618_Schlei_S31_50_2.pkl,1611772413.474266,11995909
/run/media/rob/temp_data/Schleiproben/200618_Schlei_S31/200618_Schlei_S31_50_3,200618_Schlei_S31_50_3.pkl,1611772833.999999,19032373
/run/media/rob/temp_data/Schleiproben/200618_Schlei_S31/200618_Schlei_S31_blind,200618_Schlei_S31_blind.pkl,1611226467.976527,1301398
/run/media/rob/temp_data/Schleiproben/200721_Schlei_S10/200721_Schlei_S10_50_1,200721_Schlei_S10_50_1.pkl,1608674102.641081,23788259
/run/media/rob/temp_data/Schleiproben/200721_Schlei_S10/200721_Schlei_S10_50_1,200721_Schlei_S10_50_1_vor upload.pkl,1604929864.903759,23785306
/run/media/rob/temp_data/Schleiproben/200721_Schlei_S10/200721_Schlei_S10_50_2,200721_Schlei_S10_50_2.pkl,1609506954.143803,30122278
/run/media/rob/temp_data/Schleiproben/200721_Schlei_S10/200721_Schlei_S10_50_3,200721_Schlei_S10_50_3.pkl,1609508829.834952,24103610
/run/media/rob/temp_data/Schleiproben/200721_Schlei_S10/200721_Schlei_S10_50_4,200721_Schlei_S10_50_4.pkl,1609509502.363464,6284459
/run/media/rob/temp_data/Schleiproben/200721_Schlei_S10/200721_Schlei_S10_blind,200721_Schlei_S10_blind.pkl,1609505482.498629,437007
/run/media/rob/temp_data/Schleiproben/200721_Schlei_S14_2 Slides fehlen/200721_Schlei_S14_50_1,200721_Schlei_S14_50_1 - Kopie.pkl,1603267721.515032,74410394
/run/media/rob/temp_data/Schleiproben/200721_Schlei_S14_2 Slides fehlen/200721_Schlei_S14_50_1,200721_Schlei_S14_50_1.pkl,1608310312.604215,74343085
/run/media/rob/temp_data/Schleiproben/200721_Schlei_S14_2 Slides fehlen/200721_Schlei_S14_50_2,200721_Schlei_S14_50_2.pkl,1608311372.780755,43296902
/run/media/rob/temp_data/Schleiproben/200721_Schlei_S14_2 Slides fehlen/200721_Schlei_S14_50_3,200721_Schlei_S14_50_3.pkl,1608311840.085486,45193016
/run/media/rob/temp_data/Schleiproben/200721_Schlei_S14_2 Slides fehlen/200721_Schlei_S14_50_4,200721_Schlei_S14_50_4.pkl,1608312199.259444,14392064
/run/media/rob/temp_data/Schleiproben/200721_Schlei_S14_2 Slides fehlen/200721_Schlei_S14_blind,200721_Schlei_S14_blind.pkl,1603177117.641295,711883
/run/media/rob/temp_data/Schleiproben/200721_Schlei_S19/200721_Schlei_S19_2-2_50_1,200721_Schlei_S19_2-2_50_1.pkl,1608308348.36684,42247121
/run/media/rob/temp_data/Schleiproben/200721_Schlei_S19/200721_Schlei_S19_2-2_50_2,200721_Schlei_S19_2-2_50_2.pkl,1608309019.548764,28266307
/run/media/rob/temp_data/Schleiproben/200721_Schlei_S19/200721_Schlei_S19_2-2_50_3,200721_Schlei_S19_2-2_50_3.pkl,1608309528.583105,36922104
/run/media/rob/temp_data/Schleiproben/200721_Schlei_S19/200721_Schlei_S19_2-2_50_4,200721_Schlei_S19_2-2_50_4.pkl,1608309754.719087,16978722
/run/media/rob/temp_data/Schleiproben/200721_Schlei_S19/20721_Schlei_S19_1-2+2-2_blind,20721_Schlei_S19_1-2+2-2_blind.pkl,1608295118.2015,413162
/run/media/rob/temp_data/Schleiproben/200721_Schlei_S19/20721_Schlei_S19_1-2_50_1,20721_Schlei_S19_1-2_50_1.pkl,1608294866.506213,8167472
/run/media/rob/temp_data/Schleiproben/200723_Schlei_S11/200723_Schlei_S11_50_1,200723_Schlei_S11_50_1.pkl,1611830540.956274,46784581
/run/media/rob/temp_data/Schleiproben/200723_Schlei_S11/200723_Schlei_S11_50_1,200723_Schlei_S11_50_1_vorUpload.pkl,1605877814.09566,46767678
/run/media/rob/temp_data/Schleiproben/200723_Schlei_S11/200723_Schlei_S11_50_2,200723_Schlei_S11_50_2.pkl,1611830909.152679,22715861
/run/media/rob/temp_data/Schleiproben/200723_Schlei_S11/200723_Schlei_S11_50_2,200723_Schlei_S11_50_2_vorUpload.pkl,1606139350.616513,22699900
/run/media/rob/temp_data/Schleiproben/200723_Schlei_S11/200723_Schlei_S11_50_3,200723_Schlei_S11_50_3.pkl,1611831110.104777,39630687
/run/media/rob/temp_data/Schleiproben/200723_Schlei_S11/200723_Schlei_S11_50_3,200723_Schlei_S11_50_3_vorUpload.pkl,1606126845.80311,39613400
/run/media/rob/temp_data/Schleiproben/200723_Schlei_S11/200723_Schlei_S11_50_4,200723_Schlei_S11_50_4.pkl,1611831324.881728,31443580
/run/media/rob/temp_data/Schleiproben/200723_Schlei_S11/200723_Schlei_S11_50_4,200723_Schlei_S11_50_4_vorUpload.pkl,1606142427.154555,31427628
/run/media/rob/temp_data/Schleiproben/200723_Schlei_S11/200723_Schlei_S11_50_5,200723_Schlei_S11_50_5.pkl,1611831484.835974,35626195
/run/media/rob/temp_data/Schleiproben/200723_Schlei_S11/200723_Schlei_S11_50_5,200723_Schlei_S11_50_5_vorUpload.pkl,1606144617.655778,35610882
/run/media/rob/temp_data/Schleiproben/200723_Schlei_S11/200723_Schlei_S11_blind,200723_Schlei_S11_blind.pkl,1611830231.473982,2478151
/run/media/rob/temp_data/Schleiproben/200723_Schlei_S11/200723_Schlei_S11_blind,200723_Schlei_S11_blind_vorUpload.pkl,1605869587.304251,2464729
/run/media/rob/temp_data/Schleiproben/200723_Schlei_S5/200723_Schlei_S5_50_1,200723_Schlei_S5_50_1 - Kopie.pkl,1602677626.412623,24672316
/run/media/rob/temp_data/Schleiproben/200723_Schlei_S5/200723_Schlei_S5_50_1,200723_Schlei_S5_50_1.pkl,1607444519.466586,24673119
/run/media/rob/temp_data/Schleiproben/200723_Schlei_S5/200723_Schlei_S5_50_2,200723_Schlei_S5_50_2 - Kopie.pkl,1602753137.869503,25102138
/run/media/rob/temp_data/Schleiproben/200723_Schlei_S5/200723_Schlei_S5_50_2,200723_Schlei_S5_50_2.pkl,1607444962.984273,25102906
/run/media/rob/temp_data/Schleiproben/200723_Schlei_S5/200723_Schlei_S5_50_blind,200723_Schlei_S5_50_blind.pkl,1602675265.764619,1508606
/run/media/rob/temp_data/Schleiproben/200812_Schlei_S17_MP/200812_Schlei_S17_MP_50_1,200812_Schlei_S17_MP_50_1 - Kopie.pkl,1605017353.978664,16841082
/run/media/rob/temp_data/Schleiproben/200812_Schlei_S17_MP/200812_Schlei_S17_MP_50_1,200812_Schlei_S17_MP_50_1.pkl,1607705068.233656,16842507
/run/media/rob/temp_data/Schleiproben/200812_Schlei_S17_MP/200812_Schlei_S17_MP_50_2,200812_Schlei_S17_MP_50_2 - Kopie.pkl,1605018466.557178,15887710
/run/media/rob/temp_data/Schleiproben/200812_Schlei_S17_MP/200812_Schlei_S17_MP_50_2,200812_Schlei_S17_MP_50_2.pkl,1608280794.933331,15888856
/run/media/rob/temp_data/Schleiproben/200812_Schlei_S17_MP/200812_Schlei_S17_MP_50_3,200812_Schlei_S17_MP_50_3.pkl,1608287248.084491,7739175
/run/media/rob/temp_data/Schleiproben/200812_Schlei_S17_MP/200812_Schlei_S17_MP_Blind,200812_Schlei_S17_MP_Blind.pkl,1608288798.386426,771151
/run/media/rob/temp_data/Schleiproben/200813_Schlei_S3/200813_Schlei_S3_50_1,200813_Schlei_S3_50_1.pkl,1611767662.788746,26463446
/run/media/rob/temp_data/Schleiproben/200813_Schlei_S3/200813_Schlei_S3_50_1,200813_Schlei_S3_50_1_vor Upload.pkl,1605002722.679963,26461917
/run/media/rob/temp_data/Schleiproben/200813_Schlei_S3/200813_Schlei_S3_50_2,200813_Schlei_S3_50_2.pkl,1611769529.597535,49521853
/run/media/rob/temp_data/Schleiproben/200813_Schlei_S3/200813_Schlei_S3_50_2,200813_Schlei_S3_50_2_vor upload.pkl,1603096660.090518,49573925
/run/media/rob/temp_data/Schleiproben/200813_Schlei_S3/200813_Schlei_S3_50_3,200813_Schlei_S3_50_3.pkl,1611770312.048859,31622601
/run/media/rob/temp_data/Schleiproben/200813_Schlei_S3/200813_Schlei_S3_50_3,200813_Schlei_S3_50_3_vor upload.pkl,1603104496.140205,31644968
/run/media/rob/temp_data/Schleiproben/200813_Schlei_S3/200813_Schlei_S3_Blind,200813_Schlei_S3_Blind.pkl,1611773636.045045,1196102
/run/media/rob/temp_data/Schleiproben/200813_Schlei_S3/200813_Schlei_S3_Blind,200813_Schlei_S3_Blind_vor upload.pkl,1602841059.232528,1195637
/run/media/rob/temp_data/Schleiproben/200818_Schlei_S2/200818_Schlei_S2_50_1,200818_Schlei_S2_50_1.pkl,1611590986.076697,27909907
/run/media/rob/temp_data/Schleiproben/200818_Schlei_S2/200818_Schlei_S2_50_1,200818_Schlei_S2_50_1_vor Upload.pkl,1606892162.348533,27909080
/run/media/rob/temp_data/Schleiproben/200818_Schlei_S2/200818_Schlei_S2_50_2,200818_Schlei_S2_50_2.pkl,1611592945.732015,41675787
/run/media/rob/temp_data/Schleiproben/200818_Schlei_S2/200818_Schlei_S2_50_2,200818_Schlei_S2_50_2_vor Upload.pkl,1606917058.751074,41674813
/run/media/rob/temp_data/Schleiproben/200818_Schlei_S2/200818_Schlei_S2_50_3,200818_Schlei_S2_50_3.pkl,1611594561.8731,29424870
/run/media/rob/temp_data/Schleiproben/200818_Schlei_S2/200818_Schlei_S2_50_4,200818_Schlei_S2_50_4.pkl,1611595716.995565,29685237
/run/media/rob/temp_data/Schleiproben/200818_Schlei_S2/200818_Schlei_S2_50_4,200818_Schlei_S2_50_4_vor Upload.pkl,1607001293.5412,29701754
/run/media/rob/temp_data/Schleiproben/200818_Schlei_S2/200818_Schlei_S2_50_5,200818_Schlei_S2_50_5.pkl,1611597373.440227,17484866
/run/media/rob/temp_data/Schleiproben/200818_Schlei_S2/200818_Schlei_S2_Blind_hochgeladen,200818_Schlei_S2_Blind.pkl,1611235170.038328,3545573
/run/media/rob/temp_data/Schleiproben/200818_Schlei_S24/200818_Schlei_S24_50_1,200818_Schlei_S24_50_1 - Kopie.pkl,1603111104.215824,29162459
/run/media/rob/temp_data/Schleiproben/200818_Schlei_S24/200818_Schlei_S24_50_1,200818_Schlei_S24_50_1.pkl,1607446254.233529,29163521
/run/media/rob/temp_data/Schleiproben/200818_Schlei_S24/200818_Schlei_S24_50_2,200818_Schlei_S24_50_2 - Kopie.pkl,1603112456.067813,17281485
/run/media/rob/temp_data/Schleiproben/200818_Schlei_S24/200818_Schlei_S24_50_2,200818_Schlei_S24_50_2.pkl,1607446812.355226,17282077
/run/media/rob/temp_data/Schleiproben/200818_Schlei_S24/200818_Schlei_S24_50_3,200818_Schlei_S24_50_3 - Kopie.pkl,1603176624.897236,17492427
/run/media/rob/temp_data/Schleiproben/200818_Schlei_S24/200818_Schlei_S24_50_3,200818_Schlei_S24_50_3.pkl,1607448126.813256,17492876
/run/media/rob/temp_data/Schleiproben/200818_Schlei_S24/200818_Schlei_S24_Blind,200818_Schlei_S24_Blind - Kopie.pkl,1603108333.467005,3719430
/run/media/rob/temp_data/Schleiproben/200818_Schlei_S24/200818_Schlei_S24_Blind,200818_Schlei_S24_Blind.pkl,1607676855.316358,3720052
/run/media/rob/temp_data/Schleiproben/200819_Schlei_S8/200818_Schlei_S8_50_1,200818_Schlei_S8_50_1.pkl,1611577772.923938,29776868
/run/media/rob/temp_data/Schleiproben/200819_Schlei_S8/200818_Schlei_S8_50_1,200818_Schlei_S8_50_1_vorUpload.pkl,1605011654.717736,29758888
/run/media/rob/temp_data/Schleiproben/200819_Schlei_S8/200818_Schlei_S8_50_2,200818_Schlei_S8_50_2.pkl,1611588732.248563,28564404
/run/media/rob/temp_data/Schleiproben/200819_Schlei_S8/200818_Schlei_S8_50_2,200818_Schlei_S8_50_2_vorUpload.pkl,1606313220.676335,28521290
/run/media/rob/temp_data/Schleiproben/200819_Schlei_S8/200818_Schlei_S8_50_3,200818_Schlei_S8_50_3.pkl,1611589308.386551,24497958
/run/media/rob/temp_data/Schleiproben/200819_Schlei_S8/200818_Schlei_S8_50_3,200818_Schlei_S8_50_3_vorUpload.pkl,1606733356.937311,24472612
/run/media/rob/temp_data/Schleiproben/200819_Schlei_S8/200818_Schlei_S8_50_4,200818_Schlei_S8_50_4.pkl,1611590485.874326,12170503
/run/media/rob/temp_data/Schleiproben/200819_Schlei_S8/200818_Schlei_S8_50_4,200818_Schlei_S8_50_4_vorUpload.pkl,1606314470.902242,12151864
/run/media/rob/temp_data/Schleiproben/200819_Schlei_S8/200819_Schlei_S8_Blind,200819_Schlei_S8_Blind.pkl,1611236255.831088,1895339
/run/media/rob/temp_data/Schleiproben/200820_Schlei_S13/200820_Schlei_S13_ Blind,200820_Schlei_S13_ Blind.pkl,1611671201.424347,6758918
/run/media/rob/temp_data/Schleiproben/200820_Schlei_S13/200820_Schlei_S13_ Blind,200820_Schlei_S13_ Blind_vorUpload.pkl,1606895289.756096,6745305
/run/media/rob/temp_data/Schleiproben/200820_Schlei_S13/200820_Schlei_S13_50_1,200820_Schlei_S13_50_1.pkl,1611671509.043196,32837862
/run/media/rob/temp_data/Schleiproben/200820_Schlei_S13/200820_Schlei_S13_50_1,200820_Schlei_S13_50_1_vorUpload.pkl,1606902829.237059,32818308
/run/media/rob/temp_data/Schleiproben/200820_Schlei_S13/200820_Schlei_S13_50_2_neu,200820_Schlei_S27_2.pkl,1611673057.701687,23090710
/run/media/rob/temp_data/Schleiproben/200820_Schlei_S13/200820_Schlei_S13_50_2_neu,200820_Schlei_S27_2_vorUpload.pkl,1607089202.606076,23074114
/run/media/rob/temp_data/Schleiproben/200820_Schlei_S13/200820_Schlei_S13_50_3,200820_Schlei_S13_50_3.pkl,1611673451.627464,25810213
/run/media/rob/temp_data/Schleiproben/200820_Schlei_S13/200820_Schlei_S13_50_3,200820_Schlei_S13_50_3_vorUpload.pkl,1607076561.588993,25792738
/run/media/rob/temp_data/Schleiproben/200820_Schlei_S13/200820_Schlei_S13_50_4,200820_Schlei_S13_50_4.pkl,1611673607.574783,27759955
/run/media/rob/temp_data/Schleiproben/200820_Schlei_S13/200820_Schlei_S13_50_4,200820_Schlei_S13_50_4_vorUpload.pkl,1607079722.700786,27741284
/run/media/rob/temp_data/Schleiproben/200820_Schlei_S13/200820_Schlei_S13_50_5,200820_Schlei_S13_50_5.pkl,1611673747.75823,25016165
/run/media/rob/temp_data/Schleiproben/200820_Schlei_S13/200820_Schlei_S13_50_5,200820_Schlei_S13_50_5_vorUpload.pkl,1607085406.691986,24997984
/run/media/rob/temp_data/Schleiproben/200915_Schlei_S27/200915_Schlei_S27_3,200915_Schlei_S27_3.pkl,1611677009.017903,23193794
/run/media/rob/temp_data/Schleiproben/200915_Schlei_S27/200915_Schlei_S27_3,200915_Schlei_S27_3_vorUpload.pkl,1606310825.866739,23161605
/run/media/rob/temp_data/Schleiproben/200915_Schlei_S27/200915_Schlei_S27_4,200915_Schlei_S27_4.pkl,1611677163.749272,12479672
/run/media/rob/temp_data/Schleiproben/200915_Schlei_S27/200915_Schlei_S27_4,200915_Schlei_S27_4_vorUpload.pkl,1606311590.656142,12461883
/run/media/rob/temp_data/Schleiproben/200915_Schlei_S27/200915_Schlei_S27_50_1,200915_Schlei_S27_50_1.pkl,1611676571.623696,23224016
/run/media/rob/temp_data/Schleiproben/200915_Schlei_S27/200915_Schlei_S27_50_1,200915_Schlei_S27_50_1_vorUpload.pkl,1606308604.867563,23199659
/run/media/rob/temp_data/Schleiproben/200915_Schlei_S27/200915_Schlei_S27_50_2,200915_Schlei_S27_50_2.pkl,1611676836.366624,24326622
/run/media/rob/temp_data/Schleiproben/200915_Schlei_S27/200915_Schlei_S27_50_2,200915_Schlei_S27_50_2_vorUpload.pkl,1606309903.719627,24294762
/run/media/rob/temp_data/Schleiproben/200915_Schlei_S27/200915_Schlei_S27_Blindprobe,200915_Schlei_S27_Blindprobe.pkl,1611674674.295286,1486720
/run/media/rob/temp_data/Schleiproben/200915_Schlei_S27/200915_Schlei_S27_Blindprobe,200915_Schlei_S27_Blindprobe_vorUpload.pkl,1603795750.64447,1472499
/run/media/rob/temp_data/Schleiproben/210614_Schlei_S8_V2/210614_Schlei_S8_V2_50_1,210614_Schlei_S8_V2_50_1.pkl,1635191976.778302,42694075
/run/media/rob/temp_data/Schleiproben/210614_Schlei_S8_V2/210614_Schlei_S8_V2_50_1,210614_Schlei_S8_V2_50_1_vor upload.pkl,1624602120.077493,42692094
/run/media/rob/temp_data/Schleiproben/210614_Schlei_S8_V2/210614_Schlei_S8_V2_50_2,210614_Schlei_S8_V2_50_2.pkl,1635196983.350607,36794786
/run/media/rob/temp_data/Schleiproben/210614_Schlei_S8_V2/210614_Schlei_S8_V2_50_2,210614_Schlei_S8_V2_50_2_vor upload.pkl,1624020352.297152,36792637
/run/media/rob/temp_data/Schleiproben/210614_Schlei_S8_V2/210614_Schlei_S8_V2_50_3,210614_Schlei_S8_V2_50_3.pkl,1635279042.569963,29932834
/run/media/rob/temp_data/Schleiproben/210614_Schlei_S8_V2/210614_Schlei_S8_V2_50_3,210614_Schlei_S8_V2_50_3_vor upload.pkl,1623923193.144154,29931109
/run/media/rob/temp_data/Schleiproben/210614_Schlei_S8_V2/210614_Schlei_S8_V2_Blind,210614_Schlei_S8_V2_Blind.pkl,1635188298.413706,717390
/run/media/rob/temp_data/Schleiproben/210614_Schlei_S8_V2/210614_Schlei_S8_V2_Blind,210614_Schlei_S8_V2_Blind_vor upload.pkl,1623833037.689579,716929
/run/media/rob/temp_data/Schleiproben/210615_Schlei_S16/210615_Schlei_S16_2xSplit_50_1,210615_Schlei_S16_2xSplit_50_1.pkl,1628865871.609481,61219307
/run/media/rob/temp_data/Schleiproben/210615_Schlei_S16/210615_Schlei_S16_2xSplit_50_1,210615_Schlei_S16_2xSplit_50_1_vor Upload.pkl,1626077811.736061,61218789
/run/media/rob/temp_data/Schleiproben/210615_Schlei_S16/210615_Schlei_S16_2xSplit_50_2,210615_Schlei_S16_2xSplit_50_2.pkl,1628866894.14184,87788790
/run/media/rob/temp_data/Schleiproben/210615_Schlei_S16/210615_Schlei_S16_2xSplit_50_2,210615_Schlei_S16_2xSplit_50_2_vor Upload.pkl,1624954885.521535,87787901
/run/media/rob/temp_data/Schleiproben/210615_Schlei_S16/210615_Schlei_S16_2xSplit_50_3,210615_Schlei_S16_2xSplit_50_3.pkl,1628867388.278374,31601439
/run/media/rob/temp_data/Schleiproben/210615_Schlei_S16/210615_Schlei_S16_2xSplit_50_3,210615_Schlei_S16_2xSplit_50_3_vor Upload.pkl,1624619883.023455,31600661
/run/media/rob/temp_data/Schleiproben/210615_Schlei_S16/210615_Schlei_S16_2xSplit_50_4,210615_Schlei_S16_2xSplit_50_4_wdh.pkl,1628868069.108669,78434491
/run/media/rob/temp_data/Schleiproben/210615_Schlei_S16/210615_Schlei_S16_2xSplit_50_4,210615_Schlei_S16_2xSplit_50_4_wdh_vor Upload.pkl,1624866217.606945,78433560
/run/media/rob/temp_data/Schleiproben/210615_Schlei_S16/210615_Schlei_S16_2xSplit_50_5,210615_Schlei_S16_2xSplit_50_5.pkl,1628868414.053533,44840579
/run/media/rob/temp_data/Schleiproben/210615_Schlei_S16/210615_Schlei_S16_2xSplit_50_5,210615_Schlei_S16_2xSplit_50_5_vor Upload.pkl,1625638081.058116,44839689
/run/media/rob/temp_data/Schleiproben/210615_Schlei_S16/210615_Schlei_S16_2xSplit_50_6,210615_Schlei_S16_2xSplit_50_6.pkl,1628868893.069705,43304543
/run/media/rob/temp_data/Schleiproben/210615_Schlei_S16/210615_Schlei_S16_2xSplit_50_6,210615_Schlei_S16_2xSplit_50_6_vor Upload.pkl,1626070565.213023,43303455
/run/media/rob/temp_data/Schleiproben/210615_Schlei_S16/210615_Schlei_S16_Blind,210615_Schlei_S16_Blind.pkl,1628864648.705698,1073623
/run/media/rob/temp_data/Schleiproben/210621_blank_5-5-21/210621_blank_5-5-21_50_1,210621_blank_5-5-21_50_1.pkl,1636725789.436661,2231021
/run/media/rob/temp_data/Schleiproben/210621_blank_5-5-21/210621_blank_5-5-21_50_1,210621_blank_5-5-21_50_1_vor upload.pkl,1635313167.702518,2230697
/run/media/rob/temp_data/Schleiproben/210621_blank_5-5-21/210621_blank_5-5-21_blind,210621_blank_5-5-21_blind.pkl,1636725511.804097,323354
/run/media/rob/temp_data/Schleiproben/210621_blank_5-5-21/210621_blank_5-5-21_blind,210621_blank_5-5-21_blind_vor upload.pkl,1635314045.360443,323200
/run/media/rob/temp_data/Schleiproben/210623_Schlei_S4/210623_Schlei_S4_2xSplit_50_1,210623_Schlei_S4_2xSplit_50_1.pkl,1635089830.976059,74872857
/run/media/rob/temp_data/Schleiproben/210623_Schlei_S4/210623_Schlei_S4_2xSplit_50_1,210623_Schlei_S4_2xSplit_50_1_vor upload.pkl,1625565305.055127,74871097
/run/media/rob/temp_data/Schleiproben/210623_Schlei_S4/210623_Schlei_S4_2xSplit_50_2,210623_Schlei_S4_2xSplit_50_2.pkl,1635090130.369568,6823906
/run/media/rob/temp_data/Schleiproben/210623_Schlei_S4/210623_Schlei_S4_2xSplit_50_2,210623_Schlei_S4_2xSplit_50_2_vor upload.pkl,1625117305.630636,6823189
/run/media/rob/temp_data/Schleiproben/210623_Schlei_S4/210623_Schlei_S4_2xSplit_50_3,210623_Schlei_S4_2xSplit_50_3.pkl,1635090461.656809,6967567
/run/media/rob/temp_data/Schleiproben/210623_Schlei_S4/210623_Schlei_S4_2xSplit_50_3,210623_Schlei_S4_2xSplit_50_3_vor upload.pkl,1626068076.417417,6966867
/run/media/rob/temp_data/Schleiproben/210623_Schlei_S4/210623_Schlei_S4_2xSplit_50_4,210623_Schlei_S4_2xSplit_50_4.pkl,1635092086.609506,6764887
/run/media/rob/temp_data/Schleiproben/210623_Schlei_S4/210623_Schlei_S4_2xSplit_50_4,210623_Schlei_S4_2xSplit_50_4_vor Upload.pkl,1626092864.946527,6763885
/run/media/rob/temp_data/Schleiproben/210623_Schlei_S4/210623_Schlei_S4_2xSplit_50_5,210623_Schlei_S4_2xSplit_50_5.pkl,1635092626.794053,9254510
/run/media/rob/temp_data/Schleiproben/210623_Schlei_S4/210623_Schlei_S4_2xSplit_50_5,210623_Schlei_S4_2xSplit_50_5_vor upload.pkl,1626157463.635438,9253648
/run/media/rob/temp_data/Schleiproben/210623_Schlei_S4/210623_Schlei_S4_2xSplit_50_6,210623_Schlei_S4_2xSplit_50_6.pkl,1635093493.922788,10601515
/run/media/rob/temp_data/Schleiproben/210623_Schlei_S4/210623_Schlei_S4_2xSplit_50_6,210623_Schlei_S4_2xSplit_50_6_vor upload.pkl,1624958374.467097,10600305
/run/media/rob/temp_data/Schleiproben/210623_Schlei_S4/210623_Schlei_S4_2xSplit_50_6/210623_Schlei_S4_2xSplit_50_6_Messung,210623_Schlei_S4_2xSplit_50_6.pkl,1624596899.968483,10581985
/run/media/rob/temp_data/Schleiproben/210623_Schlei_S4/210623_Schlei_S4_2xSplit_50_7,210623_Schlei_S4_2xSplit_50_7.pkl,1635093639.674221,3587620
/run/media/rob/temp_data/Schleiproben/210623_Schlei_S4/210623_Schlei_S4_2xSplit_50_7,210623_Schlei_S4_2xSplit_50_7_vor upload.pkl,1625140526.495973,3587201
/run/media/rob/temp_data/Schleiproben/210623_Schlei_S4/210623_Schlei_S4_2xSplit_50_8,210623_Schlei_S4_2xSplit_50_8.pkl,1635093765.441374,6626424
/run/media/rob/temp_data/Schleiproben/210623_Schlei_S4/210623_Schlei_S4_2xSplit_50_8,210623_Schlei_S4_2xSplit_50_8_vor Upload.pkl,1625031697.447474,6626309
/run/media/rob/temp_data/Schleiproben/210623_Schlei_S4/210623_Schlei_S4_Blind,210623_Schlei_S4_Blind.pkl,1635086960.607918,837929
/run/media/rob/temp_data/Schleiproben/210623_Schlei_S4/210623_Schlei_S4_Blind,210623_Schlei_S4_Blind_vor upload.pkl,1624872526.299143,837704
/run/media/rob/temp_data/Schleiproben/210624_Schlei_S21/210624_Schlei_S21_2xSplit_50_1,210624_Schlei_S21_2xSplit_50_1.pkl,1636641705.939291,30306099
/run/media/rob/temp_data/Schleiproben/210624_Schlei_S21/210624_Schlei_S21_2xSplit_50_1,210624_Schlei_S21_2xSplit_50_1_vor upload.pkl,1625033632.286535,30305459
/run/media/rob/temp_data/Schleiproben/210624_Schlei_S21/210624_Schlei_S21_2xSplit_50_2,210624_Schlei_S21_2xSplit_50_2.pkl,1636642471.396927,21826486
/run/media/rob/temp_data/Schleiproben/210624_Schlei_S21/210624_Schlei_S21_2xSplit_50_2,210624_Schlei_S21_2xSplit_50_2_vor upload.pkl,1626421750.59317,21825648
/run/media/rob/temp_data/Schleiproben/210624_Schlei_S21/210624_Schlei_S21_2xSplit_50_3,210624_Schlei_S21_2xSplit_50_3.pkl,1636642889.836418,20256510
/run/media/rob/temp_data/Schleiproben/210624_Schlei_S21/210624_Schlei_S21_2xSplit_50_3,210624_Schlei_S21_2xSplit_50_3_vor upload.pkl,1626243897.503557,20255848
/run/media/rob/temp_data/Schleiproben/210624_Schlei_S21/210624_Schlei_S21_2xSplit_50_4,210624_Schlei_S21_2xSplit_50_4.pkl,1636643244.275178,21472575
/run/media/rob/temp_data/Schleiproben/210624_Schlei_S21/210624_Schlei_S21_2xSplit_50_4,210624_Schlei_S21_2xSplit_50_4_vor upload.pkl,1626329913.549756,21471803
/run/media/rob/temp_data/Schleiproben/210624_Schlei_S21/210624_Schlei_S21_2xSplit_50_5,210624_Schlei_S21_2xSplit_50_5.pkl,1636643604.314432,17649346
/run/media/rob/temp_data/Schleiproben/210624_Schlei_S21/210624_Schlei_S21_2xSplit_50_5,210624_Schlei_S21_2xSplit_50_5_vor Upload.pkl,1625119382.7171,17648804
/run/media/rob/temp_data/Schleiproben/210624_Schlei_S21/210624_Schlei_S21_2xSplit_50_6,210624_Schlei_S21_2xSplit_50_6.pkl,1636643823.814563,10524571
/run/media/rob/temp_data/Schleiproben/210624_Schlei_S21/210624_Schlei_S21_2xSplit_50_6,210624_Schlei_S21_2xSplit_50_6_Vor Upload.pkl,1626241893.538033,10523944
/run/media/rob/temp_data/Schleiproben/210624_Schlei_S21/210624_Schlei_S21_2xSplit_Blind,210624_Schlei_S21_2xSplit_Blind.pkl,1636641071.957836,1937422
/run/media/rob/temp_data/Schleiproben/210624_Schlei_S21/210624_Schlei_S21_2xSplit_Blind,210624_Schlei_S21_2xSplit_Blind_vor upload.pkl,1624874229.500303,1937168
/run/media/rob/temp_data/Schleiproben/210706_Schlei_S20/210706_Schlei_S20_2xSplit_50_1,210706_Schlei_S20_2xSplit_50_1.pkl,1636711935.580967,5064292
/run/media/rob/temp_data/Schleiproben/210706_Schlei_S20/210706_Schlei_S20_2xSplit_50_1,210706_Schlei_S20_2xSplit_50_1_vor Upload.pkl,1628496810.521302,5063613
/run/media/rob/temp_data/Schleiproben/210706_Schlei_S20/210706_Schlei_S20_2xSplit_50_2,210706_Schlei_S20_2xSplit_50_2.pkl,1636712246.708784,6074982
/run/media/rob/temp_data/Schleiproben/210706_Schlei_S20/210706_Schlei_S20_2xSplit_50_2,210706_Schlei_S20_2xSplit_50_2_vor upload.pkl,1628499377.017242,6074414
/run/media/rob/temp_data/Schleiproben/210706_Schlei_S20/210706_Schlei_S20_2xSplit_50_3,210706_Schlei_S20_2xSplit_50_3.pkl,1636712690.04427,9275071
/run/media/rob/temp_data/Schleiproben/210706_Schlei_S20/210706_Schlei_S20_2xSplit_50_3,210706_Schlei_S20_2xSplit_50_3_vor upload.pkl,1627634041.944682,9274081
/run/media/rob/temp_data/Schleiproben/210706_Schlei_S20/210706_Schlei_S20_2xSplit_50_4,210706_Schlei_S20_2xSplit_50_4.pkl,1636713033.52357,7980802
/run/media/rob/temp_data/Schleiproben/210706_Schlei_S20/210706_Schlei_S20_2xSplit_50_4,210706_Schlei_S20_2xSplit_50_4_vor upload.pkl,1627538126.228258,7980055
/run/media/rob/temp_data/Schleiproben/210706_Schlei_S20/210706_Schlei_S20_2xSplit_50_5,210706_Schlei_S20_2xSplit_50_5.pkl,1636713482.519711,5760248
/run/media/rob/temp_data/Schleiproben/210706_Schlei_S20/210706_Schlei_S20_2xSplit_50_5,210706_Schlei_S20_2xSplit_50_5_vor upload.pkl,1627642955.755617,5759388
/run/media/rob/temp_data/Schleiproben/210706_Schlei_S20/210706_Schlei_S20_2xSplit_50_6,210706_Schlei_S20_2xSplit_50_6.pkl,1636713710.335932,4343469
/run/media/rob/temp_data/Schleiproben/210706_Schlei_S20/210706_Schlei_S20_2xSplit_50_6,210706_Schlei_S20_2xSplit_50_6_vor upload.pkl,1627637897.15727,4343043
/run/media/rob/temp_data/Schleiproben/210706_Schlei_S20/210706_Schlei_S20_2xSplit_50_7,210706_Schlei_S20_2xSplit_50_7.pkl,1636716639.5496,1214101
/run/media/rob/temp_data/Schleiproben/210706_Schlei_S20/210706_Schlei_S20_2xSplit_50_7,210706_Schlei_S20_2xSplit_50_7_vor upload.pkl,1627293137.272857,1213830
/run/media/rob/temp_data/Schleiproben/210706_Schlei_S20/210706_Schlei_S20_Blind,210706_Schlei_S20_Blind.pkl,1636711535.682454,2940052
/run/media/rob/temp_data/Schleiproben/210706_Schlei_S20/210706_Schlei_S20_Blind,210706_Schlei_S20_Blind_vor Upload.pkl,1626326681.43011,2939502
/run/media/rob/temp_data/Schleiproben/210709_Schlei_S29/210709_Schlei_S29_3xSplit_50_1,210709_Schlei_S29_3xSplit_50_1.pkl,1636646032.049621,15462109
/run/media/rob/temp_data/Schleiproben/210709_Schlei_S29/210709_Schlei_S29_3xSplit_50_1,210709_Schlei_S29_3xSplit_50_1_vor upload.pkl,1628575683.968622,15461315
/run/media/rob/temp_data/Schleiproben/210709_Schlei_S29/210709_Schlei_S29_3xSplit_50_2,210709_Schlei_S29_3xSplit_50_2.pkl,1636646494.683472,12336114
/run/media/rob/temp_data/Schleiproben/210709_Schlei_S29/210709_Schlei_S29_3xSplit_50_2,210709_Schlei_S29_3xSplit_50_2_vor Upload.pkl,1628582030.303395,12335545
/run/media/rob/temp_data/Schleiproben/210709_Schlei_S29/210709_Schlei_S29_3xSplit_50_3,210709_Schlei_S29_3xSplit_50_3.pkl,1636646928.229557,19102581
/run/media/rob/temp_data/Schleiproben/210709_Schlei_S29/210709_Schlei_S29_3xSplit_50_3,210709_Schlei_S29_3xSplit_50_3_vor upload.pkl,1628754898.857159,19101612
/run/media/rob/temp_data/Schleiproben/210709_Schlei_S29/210709_Schlei_S29_3xSplit_50_4,210709_Schlei_S29_3xSplit_50_4.pkl,1636710004.814104,17186596
/run/media/rob/temp_data/Schleiproben/210709_Schlei_S29/210709_Schlei_S29_3xSplit_50_4,210709_Schlei_S29_3xSplit_50_4_vor Upload.pkl,1628682026.491036,17185973
/run/media/rob/temp_data/Schleiproben/210709_Schlei_S29/210709_Schlei_S29_3xSplit_50_5,210709_Schlei_S29_3xSplit_50_5.pkl,1636710685.487916,17573004
/run/media/rob/temp_data/Schleiproben/210709_Schlei_S29/210709_Schlei_S29_3xSplit_50_5,210709_Schlei_S29_3xSplit_50_5_vor Upload.pkl,1628661846.945041,17572134
/run/media/rob/temp_data/Schleiproben/210709_Schlei_S29/210709_Schlei_S29_3xSplit_50_6,210709_Schlei_S29_3xSplit_50_6.pkl,1636710961.037,9913332
/run/media/rob/temp_data/Schleiproben/210709_Schlei_S29/210709_Schlei_S29_3xSplit_50_6,210709_Schlei_S29_3xSplit_50_6_vor upload.pkl,1628501939.694309,9912851
/run/media/rob/temp_data/Schleiproben/210709_Schlei_S29/210709_Schlei_S29_3xSplit_50_7,210709_Schlei_S29_3xSplit_50_7.pkl,1636711203.058507,4313592
/run/media/rob/temp_data/Schleiproben/210709_Schlei_S29/210709_Schlei_S29_3xSplit_50_7,210709_Schlei_S29_3xSplit_50_7_vor upload.pkl,1627473596.227557,4313146
/run/media/rob/temp_data/Schleiproben/210709_Schlei_S29/210709_Schlei_S29_3xSplit_Blind,210709_Schlei_S29_3xSplit_Blind.pkl,1636644899.911044,5418856
/run/media/rob/temp_data/Schleiproben/210709_Schlei_S29/210709_Schlei_S29_3xSplit_Blind,210709_Schlei_S29_3xSplit_Blind_vor Upload.pkl,1627452033.589813,5418250
/run/media/rob/temp_data/Schleiproben/210709_Schlei_S32/210709_Schlei_S32_2xSplit_50_1,210709_Schlei_S32_2xSplit_50_1.pkl,1636718244.911121,24263050
/run/media/rob/temp_data/Schleiproben/210709_Schlei_S32/210709_Schlei_S32_2xSplit_50_1,210709_Schlei_S32_2xSplit_50_1_vor upload.pkl,1629105688.707608,24261931
/run/media/rob/temp_data/Schleiproben/210709_Schlei_S32/210709_Schlei_S32_2xSplit_50_10,210709_Schlei_S32_2xSplit_50_10.pkl,1636724758.037253,12894971
/run/media/rob/temp_data/Schleiproben/210709_Schlei_S32/210709_Schlei_S32_2xSplit_50_10,210709_Schlei_S32_2xSplit_50_10_vor Upload.pkl,1629375773.73721,12894330
/run/media/rob/temp_data/Schleiproben/210709_Schlei_S32/210709_Schlei_S32_2xSplit_50_11,210709_Schlei_S32_2xSplit_50_11.pkl,1636725075.487042,9753183
/run/media/rob/temp_data/Schleiproben/210709_Schlei_S32/210709_Schlei_S32_2xSplit_50_11,210709_Schlei_S32_2xSplit_50_11_vor upload.pkl,1628770197.630514,9752875
/run/media/rob/temp_data/Schleiproben/210709_Schlei_S32/210709_Schlei_S32_2xSplit_50_12,210709_Schlei_S32_2xSplit_50_12.pkl,1636725357.009479,8519448
/run/media/rob/temp_data/Schleiproben/210709_Schlei_S32/210709_Schlei_S32_2xSplit_50_12,210709_Schlei_S32_2xSplit_50_12_vor upload.pkl,1629121031.40916,8519169
/run/media/rob/temp_data/Schleiproben/210709_Schlei_S32/210709_Schlei_S32_2xSplit_50_2,210709_Schlei_S32_2xSplit_50_2.pkl,1636718755.180359,19039748
/run/media/rob/temp_data/Schleiproben/210709_Schlei_S32/210709_Schlei_S32_2xSplit_50_2,210709_Schlei_S32_2xSplit_50_2_vor upload.pkl,1629451081.578252,19039183
/run/media/rob/temp_data/Schleiproben/210709_Schlei_S32/210709_Schlei_S32_2xSplit_50_3,210709_Schlei_S32_2xSplit_50_3.pkl,1636719230.571179,26974131
/run/media/rob/temp_data/Schleiproben/210709_Schlei_S32/210709_Schlei_S32_2xSplit_50_3,210709_Schlei_S32_2xSplit_50_3_vor upload.pkl,1629448059.541033,26973685
/run/media/rob/temp_data/Schleiproben/210709_Schlei_S32/210709_Schlei_S32_2xSplit_50_4_neu,210709_Schlei_S32_2xSplit_50_4_neu.pkl,1636719613.836602,26914217
/run/media/rob/temp_data/Schleiproben/210709_Schlei_S32/210709_Schlei_S32_2xSplit_50_4_neu,210709_Schlei_S32_2xSplit_50_4_neu_vor upload.pkl,1629291249.113091,26914120
/run/media/rob/temp_data/Schleiproben/210709_Schlei_S32/210709_Schlei_S32_2xSplit_50_5,210709_Schlei_S32_2xSplit_50_5.pkl,1636720523.978877,26492183
/run/media/rob/temp_data/Schleiproben/210709_Schlei_S32/210709_Schlei_S32_2xSplit_50_5,210709_Schlei_S32_2xSplit_50_5_vor Upload.pkl,1629796620.192661,26491413
/run/media/rob/temp_data/Schleiproben/210709_Schlei_S32/210709_Schlei_S32_2xSplit_50_6,210709_Schlei_S32_2xSplit_50_6.pkl,1636722508.949731,29373502
/run/media/rob/temp_data/Schleiproben/210709_Schlei_S32/210709_Schlei_S32_2xSplit_50_6,210709_Schlei_S32_2xSplit_50_6_vor Upload.pkl,1629272486.548864,29372724
/run/media/rob/temp_data/Schleiproben/210709_Schlei_S32/210709_Schlei_S32_2xSplit_50_7,210709_Schlei_S32_2xSplit_50_7.pkl,1636723205.813568,19293597
/run/media/rob/temp_data/Schleiproben/210709_Schlei_S32/210709_Schlei_S32_2xSplit_50_7,210709_Schlei_S32_2xSplit_50_7_vor Upload.pkl,1629373248.274713,19293094
/run/media/rob/temp_data/Schleiproben/210709_Schlei_S32/210709_Schlei_S32_2xSplit_50_8,210709_Schlei_S32_2xSplit_50_8.pkl,1636724051.942517,28426168
/run/media/rob/temp_data/Schleiproben/210709_Schlei_S32/210709_Schlei_S32_2xSplit_50_8,210709_Schlei_S32_2xSplit_50_8_vor Upload.pkl,1628851715.337691,28424884
/run/media/rob/temp_data/Schleiproben/210709_Schlei_S32/210709_Schlei_S32_2xSplit_50_9,210709_Schlei_S32_2xSplit_50_9.pkl,1636724406.292594,38144625
/run/media/rob/temp_data/Schleiproben/210709_Schlei_S32/210709_Schlei_S32_2xSplit_50_9,210709_Schlei_S32_2xSplit_50_9_vor Upload.pkl,1629700052.063081,38143846
/run/media/rob/temp_data/Schleiproben/210709_Schlei_S32/210709_Schlei_S32_2xSplit_Blind,210709_Schlei_S32_2xSplit_Blind.pkl,1636717189.398813,2659391
/run/media/rob/temp_data/Schleiproben/210709_Schlei_S32/210709_Schlei_S32_2xSplit_Blind,210709_Schlei_S32_2xSplit_Blind_vor upload.pkl,1628747133.503885,2659068
/run/media/rob/temp_data/Schleiproben/210713_Schlei_S7/210713_Schlei_S7_4xSplit_1/210713_Schlei_S7_4xSplit_1_50_1,210713_Schlei_S7_4xSplit_1_50_1.pkl,1635098374.437482,17881718
/run/media/rob/temp_data/Schleiproben/210713_Schlei_S7/210713_Schlei_S7_4xSplit_1/210713_Schlei_S7_4xSplit_1_50_1,210713_Schlei_S7_4xSplit_1_50_1_vor Upload.pkl,1626865494.613239,17881116
/run/media/rob/temp_data/Schleiproben/210713_Schlei_S7/210713_Schlei_S7_4xSplit_1/210713_Schlei_S7_4xSplit_1_50_2,210713_Schlei_S7_4xSplit_1_50_2.pkl,1635098537.149221,20569734
/run/media/rob/temp_data/Schleiproben/210713_Schlei_S7/210713_Schlei_S7_4xSplit_1/210713_Schlei_S7_4xSplit_1_50_2,210713_Schlei_S7_4xSplit_1_50_2_vor upload.pkl,1626675855.574995,20569390
/run/media/rob/temp_data/Schleiproben/210713_Schlei_S7/210713_Schlei_S7_4xSplit_1/210713_Schlei_S7_4xSplit_1_50_3,210713_Schlei_S7_4xSplit_1_50_3.pkl,1635098713.84507,10921254
/run/media/rob/temp_data/Schleiproben/210713_Schlei_S7/210713_Schlei_S7_4xSplit_1/210713_Schlei_S7_4xSplit_1_50_3,210713_Schlei_S7_4xSplit_1_50_3_vor DB upload.pkl,1626934429.940225,10920700
/run/media/rob/temp_data/Schleiproben/210713_Schlei_S7/210713_Schlei_S7_4xSplit_1/210713_Schlei_S7_4xSplit_1_50_4,210713_Schlei_S7_4xSplit_1_50_4.pkl,1635098911.579874,7886303
/run/media/rob/temp_data/Schleiproben/210713_Schlei_S7/210713_Schlei_S7_4xSplit_1/210713_Schlei_S7_4xSplit_1_50_4,210713_Schlei_S7_4xSplit_1_50_4_vor upload.pkl,1626859740.252256,7885688
/run/media/rob/temp_data/Schleiproben/210713_Schlei_S7/210713_Schlei_S7_4xSplit_1/210713_Schlei_S7_4xSplit_1_50_5,210713_Schlei_S7_4xSplit_1_50_5.pkl,1635099068.661076,6787319
/run/media/rob/temp_data/Schleiproben/210713_Schlei_S7/210713_Schlei_S7_4xSplit_1/210713_Schlei_S7_4xSplit_1_50_5,210713_Schlei_S7_4xSplit_1_50_5_vor upload.pkl,1626770800.287876,6786670
/run/media/rob/temp_data/Schleiproben/210713_Schlei_S7/210713_Schlei_S7_4xSplit_1/210713_Schlei_S7_4xSplit_1_50_6,210713_Schlei_S7_4xSplit_1_50_6.pkl,1635099221.164732,17360997
/run/media/rob/temp_data/Schleiproben/210713_Schlei_S7/210713_Schlei_S7_4xSplit_1/210713_Schlei_S7_4xSplit_1_50_6,210713_Schlei_S7_4xSplit_1_50_6_vor Upload.pkl,1626933186.424368,17360524
/run/media/rob/temp_data/Schleiproben/210713_Schlei_S7/210713_Schlei_S7_4xSplit_1/210713_Schlei_S7_4xSplit_1_Blind,210713_Schlei_S7_4xSplit_1_Blind.pkl,1635097895.748428,11741183
/run/media/rob/temp_data/Schleiproben/210713_Schlei_S7/210713_Schlei_S7_4xSplit_1/210713_Schlei_S7_4xSplit_1_Blind,210713_Schlei_S7_4xSplit_1_Blind_vor DB Upload.pkl,1626673845.935469,11740536
/run/media/rob/temp_data/Schleiproben/210713_Schlei_S7/210713_Schlei_S7_4xSplit_2/210713_Schlei_S7_4xSplit_2_50_1,210713_Schlei_S7_4xSplit_2_50_1.pkl,1635099682.829294,11301622
/run/media/rob/temp_data/Schleiproben/210713_Schlei_S7/210713_Schlei_S7_4xSplit_2/210713_Schlei_S7_4xSplit_2_50_1,210713_Schlei_S7_4xSplit_2_50_1_vor upload.pkl,1627033840.03707,11301150
/run/media/rob/temp_data/Schleiproben/210713_Schlei_S7/210713_Schlei_S7_4xSplit_2/210713_Schlei_S7_4xSplit_2_50_2,210713_Schlei_S7_4xSplit_2_50_2.pkl,1635099881.244575,13250940
/run/media/rob/temp_data/Schleiproben/210713_Schlei_S7/210713_Schlei_S7_4xSplit_2/210713_Schlei_S7_4xSplit_2_50_2,210713_Schlei_S7_4xSplit_2_50_2_vor upload.pkl,1627279191.373282,13250438
/run/media/rob/temp_data/Schleiproben/210713_Schlei_S7/210713_Schlei_S7_4xSplit_2/210713_Schlei_S7_4xSplit_2_50_3,210713_Schlei_S7_4xSplit_2_50_3.pkl,1635100095.896669,22776959
/run/media/rob/temp_data/Schleiproben/210713_Schlei_S7/210713_Schlei_S7_4xSplit_2/210713_Schlei_S7_4xSplit_2_50_3,210713_Schlei_S7_4xSplit_2_50_3_vor upload.pkl,1627365977.098097,22776801
/run/media/rob/temp_data/Schleiproben/210713_Schlei_S7/210713_Schlei_S7_4xSplit_2/210713_Schlei_S7_4xSplit_2_50_4,210713_Schlei_S7_4xSplit_2_50_4.pkl,1635100371.371143,18084265
/run/media/rob/temp_data/Schleiproben/210713_Schlei_S7/210713_Schlei_S7_4xSplit_2/210713_Schlei_S7_4xSplit_2_50_4,210713_Schlei_S7_4xSplit_2_50_4_vor upload.pkl,1627284489.013742,18083544
/run/media/rob/temp_data/Schleiproben/210713_Schlei_S7/210713_Schlei_S7_4xSplit_2/210713_Schlei_S7_4xSplit_2_50_5,210713_Schlei_S7_4xSplit_2_50_5.pkl,1635100687.758536,20710387
/run/media/rob/temp_data/Schleiproben/210713_Schlei_S7/210713_Schlei_S7_4xSplit_2/210713_Schlei_S7_4xSplit_2_50_5,210713_Schlei_S7_4xSplit_2_50_5_old.pkl,1627453177.876474,20704208
/run/media/rob/temp_data/Schleiproben/210713_Schlei_S7/210713_Schlei_S7_4xSplit_2/210713_Schlei_S7_4xSplit_2_50_5,210713_Schlei_S7_4xSplit_2_50_5_vor upload.pkl,1627457595.478059,20711769
/run/media/rob/temp_data/Schleiproben/210713_Schlei_S7/210713_Schlei_S7_4xSplit_2/210713_Schlei_S7_4xSplit_2_50_6,210713_Schlei_S7_4xSplit_2_50_6.pkl,1635100825.419602,15303318
/run/media/rob/temp_data/Schleiproben/210713_Schlei_S7/210713_Schlei_S7_4xSplit_2/210713_Schlei_S7_4xSplit_2_50_6,210713_Schlei_S7_4xSplit_2_50_6_vor upload.pkl,1627290600.314529,15302989
/run/media/rob/temp_data/Schleiproben/210819_Schlei_S4_15cm_2xSplit/210819_Schlei_S4_15cm_2xSplit_50_1,210819_Schlei_S4_15cm_2xSplit_50_1.pkl,1635095174.414976,11120488
/run/media/rob/temp_data/Schleiproben/210819_Schlei_S4_15cm_2xSplit/210819_Schlei_S4_15cm_2xSplit_50_1,210819_Schlei_S4_15cm_2xSplit_50_1_vor Upload.pkl,1629975241.856987,11119465
/run/media/rob/temp_data/Schleiproben/210819_Schlei_S4_15cm_2xSplit/210819_Schlei_S4_15cm_2xSplit_50_2,210819_Schlei_S4_15cm_2xSplit_50_2.pkl,1635095655.381894,8892383
/run/media/rob/temp_data/Schleiproben/210819_Schlei_S4_15cm_2xSplit/210819_Schlei_S4_15cm_2xSplit_50_2,210819_Schlei_S4_15cm_2xSplit_50_2_vor upload.pkl,1629893501.982632,8891554
/run/media/rob/temp_data/Schleiproben/210819_Schlei_S4_15cm_2xSplit/210819_Schlei_S4_15cm_2xSplit_50_3,210819_Schlei_S4_15cm_2xSplit_50_3.pkl,1635096270.934159,7640554
/run/media/rob/temp_data/Schleiproben/210819_Schlei_S4_15cm_2xSplit/210819_Schlei_S4_15cm_2xSplit_50_3,210819_Schlei_S4_15cm_2xSplit_50_3_vor upload.pkl,1629980798.64422,7639383
/run/media/rob/temp_data/Schleiproben/210819_Schlei_S4_15cm_2xSplit/210819_Schlei_S4_15cm_2xSplit_50_4,210819_Schlei_S4_15cm_2xSplit_50_4.pkl,1635096519.999703,1612897
/run/media/rob/temp_data/Schleiproben/210819_Schlei_S4_15cm_2xSplit/210819_Schlei_S4_15cm_2xSplit_50_4,210819_Schlei_S4_15cm_2xSplit_50_4_vor upload.pkl,1629981664.124756,1612562
/run/media/rob/temp_data/Schleiproben/210819_Schlei_S4_15cm_2xSplit/210819_Schlei_S4_15cm_2xSplit_Blind,210819_Schlei_S4_15cm_2xSplit_Blind.pkl,1635094398.411731,1809183
/run/media/rob/temp_data/Schleiproben/210819_Schlei_S4_15cm_2xSplit/210819_Schlei_S4_15cm_2xSplit_Blind,210819_Schlei_S4_15cm_2xSplit_Blindvor upload.pkl,1629877114.440062,1808755
/run/media/rob/temp_data/Schleiproben/210827_Schlei_S2_15cm/210827_Schlei_S2_15cm_1_8-1/210827_Schlei_S2_15cm_1_8-1_50_1,210827_Schlei_S2_15cm_1_8-1_50_1.pkl,1635079846.893294,15731569
/run/media/rob/temp_data/Schleiproben/210827_Schlei_S2_15cm/210827_Schlei_S2_15cm_1_8-1/210827_Schlei_S2_15cm_1_8-1_50_1,210827_Schlei_S2_15cm_1_8-1_50_1_vor upload.pkl,1631266309.425796,15731072
/run/media/rob/temp_data/Schleiproben/210827_Schlei_S2_15cm/210827_Schlei_S2_15cm_1_8-1/210827_Schlei_S2_15cm_1_8-1_50_2,210827_Schlei_S2_15cm_1_8-1_50_2.pkl,1635081475.848907,11981484
/run/media/rob/temp_data/Schleiproben/210827_Schlei_S2_15cm/210827_Schlei_S2_15cm_1_8-1/210827_Schlei_S2_15cm_1_8-1_50_2,210827_Schlei_S2_15cm_1_8-1_50_2_vor upload.pkl,1631520924.596527,11980644
/run/media/rob/temp_data/Schleiproben/210827_Schlei_S2_15cm/210827_Schlei_S2_15cm_1_8-1/210827_Schlei_S2_15cm_1_8-1_50_3,210827_Schlei_S2_15cm_1_8-1_50_3.pkl,1635081796.029763,18226638
/run/media/rob/temp_data/Schleiproben/210827_Schlei_S2_15cm/210827_Schlei_S2_15cm_1_8-1/210827_Schlei_S2_15cm_1_8-1_50_3,210827_Schlei_S2_15cm_1_8-1_50_3_vor upload.pkl,1631522506.457301,18226331
/run/media/rob/temp_data/Schleiproben/210827_Schlei_S2_15cm/210827_Schlei_S2_15cm_1_8-1/210827_Schlei_S2_15cm_1_8-1_50_4,210827_Schlei_S2_15cm_1_8-1_50_4.pkl,1635082075.730579,8599447
/run/media/rob/temp_data/Schleiproben/210827_Schlei_S2_15cm/210827_Schlei_S2_15cm_1_8-1/210827_Schlei_S2_15cm_1_8-1_50_4,210827_Schlei_S2_15cm_1_8-1_50_4_vor Upload.pkl,1631524597.987276,8598601
/run/media/rob/temp_data/Schleiproben/210827_Schlei_S2_15cm/210827_Schlei_S2_15cm_1_8-1/210827_Schlei_S2_15cm_1_8-1_50_5,210827_Schlei_S2_15cm_1_8-1_50_5.pkl,1635082515.072405,2687607
/run/media/rob/temp_data/Schleiproben/210827_Schlei_S2_15cm/210827_Schlei_S2_15cm_1_8-1/210827_Schlei_S2_15cm_1_8-1_50_5,210827_Schlei_S2_15cm_1_8-1_50_5_vor upload.pkl,1631532169.464412,2687345
/run/media/rob/temp_data/Schleiproben/210827_Schlei_S2_15cm/210827_Schlei_S2_15cm_1_8-2/210827_Schlei_S2_15cm_1_8-2_50_1,210827_Schlei_S2_15cm_1_8-1_50_1.pkl,1635083771.945908,20505115
/run/media/rob/temp_data/Schleiproben/210827_Schlei_S2_15cm/210827_Schlei_S2_15cm_1_8-2/210827_Schlei_S2_15cm_1_8-2_50_1,210827_Schlei_S2_15cm_1_8-1_50_1_vor upload.pkl,1631690997.277485,20504084
/run/media/rob/temp_data/Schleiproben/210827_Schlei_S2_15cm/210827_Schlei_S2_15cm_1_8-2/210827_Schlei_S2_15cm_1_8-2_50_2,210827_Schlei_S2_15cm_1_8-2_50_2.pkl,1635084472.128807,17079715
/run/media/rob/temp_data/Schleiproben/210827_Schlei_S2_15cm/210827_Schlei_S2_15cm_1_8-2/210827_Schlei_S2_15cm_1_8-2_50_2,210827_Schlei_S2_15cm_1_8-2_50_2_vor upload.pkl,1631778720.844158,17078932
/run/media/rob/temp_data/Schleiproben/210827_Schlei_S2_15cm/210827_Schlei_S2_15cm_1_8-2/210827_Schlei_S2_15cm_1_8-2_50_3,210827_Schlei_S2_15cm_1_8-2_50_3.pkl,1635084874.278024,16724872
/run/media/rob/temp_data/Schleiproben/210827_Schlei_S2_15cm/210827_Schlei_S2_15cm_1_8-2/210827_Schlei_S2_15cm_1_8-2_50_3,210827_Schlei_S2_15cm_1_8-2_50_3_vor upload.pkl,1631783122.768872,16724460
/run/media/rob/temp_data/Schleiproben/210827_Schlei_S2_15cm/210827_Schlei_S2_15cm_1_8-2/210827_Schlei_S2_15cm_1_8-2_50_4,210827_Schlei_S2_15cm_1_8-2_50_4.pkl,1635085231.167291,13130622
/run/media/rob/temp_data/Schleiproben/210827_Schlei_S2_15cm/210827_Schlei_S2_15cm_1_8-2/210827_Schlei_S2_15cm_1_8-2_50_4,210827_Schlei_S2_15cm_1_8-2_50_4_vor Upload.pkl,1631791595.513451,13130070
/run/media/rob/temp_data/Schleiproben/210827_Schlei_S2_15cm/210827_Schlei_S2_15cm_1_8-2/210827_Schlei_S2_15cm_1_8-2_50_5,210827_Schlei_S2_15cm_1_8-2_50_5.pkl,1635085596.34062,7969303
/run/media/rob/temp_data/Schleiproben/210827_Schlei_S2_15cm/210827_Schlei_S2_15cm_1_8-2/210827_Schlei_S2_15cm_1_8-2_50_5,210827_Schlei_S2_15cm_1_8-2_50_5_vor Upload.pkl,1631857319.522229,7968576
/run/media/rob/temp_data/Schleiproben/210827_Schlei_S2_15cm/210827_Schlei_S2_15cm_1_8_Blind,210827_Schlei_S2_15cm_1_8-1_Blind.pkl,1635079190.041576,1056938
/run/media/rob/temp_data/Schleiproben/210827_Schlei_S2_15cm/210827_Schlei_S2_15cm_1_8_Blind,210827_Schlei_S2_15cm_1_8-1_Blind_vor Upload.pkl,1631264133.140517,1056688
/run/media/rob/temp_data/Schleiproben/210827_Schlei_S6/210827_Schlei_S6_2xSplit_50_1,210827_Schlei_S6_2xSplit_50_1.pkl,1635103232.253942,11115125
/run/media/rob/temp_data/Schleiproben/210827_Schlei_S6/210827_Schlei_S6_2xSplit_50_1,210827_Schlei_S6_2xSplit_50_1_vor upload.pkl,1630928984.972029,11114088
/run/media/rob/temp_data/Schleiproben/210827_Schlei_S6/210827_Schlei_S6_2xSplit_50_2,210827_Schlei_S6_2xSplit_50_2.pkl,1635103611.009552,12918681
/run/media/rob/temp_data/Schleiproben/210827_Schlei_S6/210827_Schlei_S6_2xSplit_50_2,210827_Schlei_S6_2xSplit_50_2_vor upload.pkl,1630932675.081729,12917489
/run/media/rob/temp_data/Schleiproben/210827_Schlei_S6/210827_Schlei_S6_2xSplit_50_3,210827_Schlei_S6_2xSplit_50_3.pkl,1635103954.580588,12602264
/run/media/rob/temp_data/Schleiproben/210827_Schlei_S6/210827_Schlei_S6_2xSplit_50_3,210827_Schlei_S6_2xSplit_50_3_vor upload.pkl,1630994780.34921,12601862
/run/media/rob/temp_data/Schleiproben/210827_Schlei_S6/210827_Schlei_S6_2xSplit_50_4,210827_Schlei_S6_2xSplit_50_4.pkl,1635104322.099651,16484240
/run/media/rob/temp_data/Schleiproben/210827_Schlei_S6/210827_Schlei_S6_2xSplit_50_4,210827_Schlei_S6_2xSplit_50_4_vor upload.pkl,1631001297.974648,16483498
/run/media/rob/temp_data/Schleiproben/210827_Schlei_S6/210827_Schlei_S6_2xSplit_50_5,210827_Schlei_S6_2xSplit_50_5.pkl,1635104714.340962,11491048
/run/media/rob/temp_data/Schleiproben/210827_Schlei_S6/210827_Schlei_S6_2xSplit_50_5,210827_Schlei_S6_2xSplit_50_5_vor upload.pkl,1631003275.76873,11489962
/run/media/rob/temp_data/Schleiproben/210827_Schlei_S6/210827_Schlei_S6_2xSplit_50_6,210827_Schlei_S6_2xSplit_50_6.pkl,1635105355.406764,10805351
/run/media/rob/temp_data/Schleiproben/210827_Schlei_S6/210827_Schlei_S6_2xSplit_50_6,210827_Schlei_S6_2xSplit_50_6_vor upload.pkl,1631254918.682762,10804579
/run/media/rob/temp_data/Schleiproben/210827_Schlei_S6/210827_Schlei_S6_2xSplit_50_7,210827_Schlei_S6_2xSplit_50_7.pkl,1635106335.518355,8601240
/run/media/rob/temp_data/Schleiproben/210827_Schlei_S6/210827_Schlei_S6_2xSplit_50_7,210827_Schlei_S6_2xSplit_50_7_vor upload.pkl,1631262610.168441,8600921
/run/media/rob/temp_data/Schleiproben/210827_Schlei_S6/210827_Schlei_S6_2xSplit_Blind,210827_Schlei_S6_2xSplit_Blind.pkl,1635101586.592716,4794378
/run/media/rob/temp_data/Schleiproben/210827_Schlei_S6/210827_Schlei_S6_2xSplit_Blind,210827_Schlei_S6_2xSplit_Blind_vor upload.pkl,1630920659.029628,4793996
